type_label,post_id,reply_id,comment_id,subject,content,author_id,author_nickName,public_time,follow_count,vote_count
1,1212752512,,,第一讲中犬的身体特征，ppt第二页犬的狼爪位置是否有错误？,,1386052594,耿兔兔,1562600488401,0,0
1,1211426515,,,阿拉斯加和西北利亚雪橇犬的区别之额头,查了很多资料，都说额头为美人尖型的是阿拉斯加而不是西伯利亚雪橇犬，哈士奇的额头之间颜色分布有十字形，双线型，两点眉型眉。怎么跟视频介绍完全相反？,1142684196,ykt1531050712669,1552549361036,1,1
2,1211426515,1257244415,,,同问,1142684196,ykt1531050712669,1553867839815,0,0
1,1211322063,,,犬的行为特征之犬的弱点,犬的弱点为什么在右边？老师能说下原因吗？,1142684196,ykt1531050712669,1551099541250,0,0
1,1004596445,,,开卷考试么这个课？,考的难么,1020383603,2016304200824,1515394062419,0,0
1,1004009549,,,证书未收到,已申请证书发放，已缴费，一个多月过去了还未收到纸质版证书，请问是怎么回事？,7200643,houselovepandayeahnet,1508468139229,0,0
1,1003880251,,,证书申请时间过了，还能再申请吗？,中间隔了一个暑假，所以考试结束后就放下了，今天再查看，发现证书申领时间已经过了。还能再次申请纸质证书吗？想有纸质证书留念，也想交学费，表示一点小小的心意。,1026859800,爱学习的安迪,1506344835227,0,0
1,1003850732,,,什么时候发证书呢,因为要加学分，所以需要证书。,1017599940,yifannnnn,1505881692058,0,0
1,1003818164,,,关于证书,老师，证书怎么发放呢，还要缴费吗？,1021262705,丁士祥,1505015015715,0,0
1,1003794015,,,什么时候开放申请证书呢,好期待，还是拿了87分，以为不能拿优秀的，不过有一轮互相评分特别低。。。只是因为我用手机打字上传的，我是看到我同学这样我才学习了，因为电脑打字比手机打字慢一倍多。。。。。。,9205060,瞎猫逮住死耗子,1504698915337,3,0
2,1003794015,1013908459,,,同学，第一次上课，怎么拿证书？,1021262705,丁士祥,1505015066460,1,0
3,1003794015,1013908459,1004285273,,<p>考完试成绩出来后过段时间可以申请证书了，点课程就会出现申请证书，然后输入信息支付2个步骤就行了</p>,9205060,瞎猫逮住死耗子,1505549901987,,0
2,1003794015,1013883303,,,同问，第一次上课，怎么拿证书？,1028273299,陈菁菁,1504856747920,1,0
3,1003794015,1013883303,1004283313,,<p>考完试成绩出来后过段时间可以申请证书了，点课程就会出现申请证书，然后输入信息支付2个步骤就行了</p>,9205060,瞎猫逮住死耗子,1505549912562,,0
2,1003794015,1013865170,,,666,1988432,苦涩人生随波逐流,1504745835588,0,0
1,1003793149,,,成绩在哪里呢,老师，麻烦问一下成绩在哪里可以看到,1015368043,桃之夭夭9,1504668422859,3,0
2,1003793149,1020583432,,,期末考试考什么，开卷考么？难么？,1020383603,2016304200824,1515399355148,0,0
2,1003793149,1013873177,,,"找你要看的课程看啊
<div>
    <br />
</div>",1988432,苦涩人生随波逐流,1504795800003,0,0
2,1003793149,1013845661,,,"可以看到了
<div>
    <br />
</div>",1988432,苦涩人生随波逐流,1504684560526,1,0
3,1003793149,1013845661,1004232243,,在哪里看,1015368043,桃之夭夭9,1504763377143,,0
1,1003786484,,,啥时候能出期末成绩呀,期末成绩呢,1024103382,HaoWangSPU述鸢,1504513330724,2,1
2,1003786484,1013848453,,,出了,1988432,苦涩人生随波逐流,1504684575059,0,0
2,1003786484,1013842068,,,同问,1022512871,樱mooc31,1504630346760,0,0
1,1003786148,,,证书,什么时候可以领证书，老师发个公告吧，不然我天天看能领证不，好心累,1024633349,mooc1488380751639,1504400445702,1,-1
2,1003786148,1013805823,,,<p>对，我也天天看</p>,12069783,红尘炼心mooc1,1504450980804,0,2
1,1003776037,,,最终成绩在哪看?,,1028548439,吉祥楠,1504217565943,1,0
2,1003776037,1013777666,,,<p>还没出来吧，还是要给点时间给老师们。</p>,5064893,黛叶草,1504231229808,0,0
1,1003777031,,,关于证书,老师，证书怎么发放？这是我第一次学习.,1021262705,丁士祥,1504192286995,0,0
1,1003780040,,,宠物犬鉴赏教材,请问老师：可以买到与本课程相对应的教材吗？,1023576415,mooc1484101565132,1504182845690,0,0
1,1003770260,,,本来还预计能90+，结果错过期末考试了QAQ,,512816,迷茫的小锦鲤,1504170058015,1,0
2,1003770260,1013835551,,,我错过了六七八单元的课后练习T^T,1023293719,从容彼岸是生活,1504610839435,0,0
1,1003773044,,,关于期末考试的问题,老师我想建议我们这门课可以延长考试前的预留时间吗，个人觉得网课本来就是利用零碎时间学习，应该给予学生充足的时间去学习消化。尤其是对于假期的学习，好多人会有实习，兼职或者旅游各种安排，很容易错过临时发布的信息。就像我之前的课程都是一发布就学习然后提交测试，但是24号家里有点事，之后就一直在忙，每天回到家都很累也没时间看手机，昨天晚上想着再温习一下前面的课程，参加考试也应该没有问题，但是就发现已经停止,1028075593,ziki1982,1504132579672,2,0
2,1003773044,1013766958,,,嗯嗯，谢谢老师回复，还是和为这个课程做出贡献的所有老师说声谢谢，你们真的很用心的准备，我们也希望这门课回变得越来越好！,1028075593,ziki1982,1504148295681,0,0
2,1003773044,1013768742,,,<p>同学你好，很抱歉你没有能够参加考试，关于考试时间的问题以后会尽量安排长一点，但是有一点就是上课完了之后就要考试，这个设置我还改不了，我尽量向慕课网反应，谢谢你的建议</p>,1024387779,熊家军,1504138883119,0,0
1,1003759593,,,我家边境牧羊犬,我家边境牧羊犬去叼主人鞋的时候，取后不给主人，怎么训练也不听，怎么办？,2521680,yannangao,1504048838499,0,0
1,1003759460,,,求老师推荐一些宠物犬和猫的专业书籍,,1025448260,马军鸿,1503932378960,0,0
1,1003759171,,,第八课没赶上考试，心好累,本来想放弃期末考试的，时间太赶了，好不容易做完了第一道大题，发现之前就有保存过(｡･ˇ_ˇ･｡)期末考试不难啊，不知道能不能给我80分，前面的测试都不错，评卷也是打满30份,9205060,瞎猫逮住死耗子,1503820095311,2,0
2,1003759171,1013796277,,,嗯嗯，加油咯，成绩出来就知道了，哈哈,9205060,瞎猫逮住死耗子,1504363690314,0,0
2,1003759171,1013766599,,,<p>就一次单元考试没参加也没什么关系吧。只要其他单元都参加了，分数也不错，而且，期末考试也考得高分，就差一次课的考试没赶上问题不大啊，说不定总分还是优秀呢。<br ></p>,1027553877,rocksv,1504106090232,0,0
1,1003757176,,,我家狗子7岁，宠物店买的混合犬，现在老了皮肤病很难搞，怎么治,"
好恶心，原来是一小块的，越来越严重，咋办？",9205060,瞎猫逮住死耗子,1503819931625,4,0
2,1003757176,1013742065,,,<p>注意消毒</p>,2521680,yannangao,1503962981753,0,0
2,1003757176,1013736093,,,<p>去医院，会有专门的药剂，每天涂会有好转的</p>,1028373477,王云琪,1503905495698,0,0
2,1003757176,1013735005,,,<p>带狗狗去医院。</p>,1023085200,mooc1482470737764,1503903727844,0,0
2,1003757176,1013727772,,,<p>去医院啊，你自己怎么搞的好，</p>,1016581331,动医1404赵江华,1503823449813,0,0
1,1003760148,,,祝老师新学期工作顺利！,做这样的课程得多长时间呢？,2521680,yannangao,1503789633295,0,0
1,1003762133,,,该门课程超赞！希望就这样永远讲下去！,,2521680,yannangao,1503789161223,0,0
1,1003762116,,,证书有电子版吗,老师，证书有电子版吗,1021646838,乐观心态12,1503751774311,1,0
2,1003762116,1013731678,,,<p>有的，需要申请。</p>,1023085200,mooc1482470737764,1503898431598,0,0
1,1003758015,,,狗狗的单眼视力范围是多少？,,1026011486,fnn009163com,1503669320067,4,0
2,1003758015,1013730768,,,<p>选一个大于90度 小于180度的就对了</p>,9734207,潜龍勿用,1503899353467,0,0
2,1003758015,1013720306,,,<p>楼上回答正确</p>,1024387779,熊家军,1503707217208,0,0
2,1003758015,1013720194,,,是双眼250--290范围除以二吗？,1026011486,fnn009163com,1503672103925,0,0
2,1003758015,1013721207,,,125-145,1018738784,yangjingla,1503671238949,0,0
1,1003758009,,,期末考试,期末考试什么时候开始，能不能快点啊？,1024896702,陈乃娴,1503663910235,2,0
2,1003758009,1013721315,,,<p>今天也就是8月6日就开始期末考试了</p>,1024387779,熊家军,1503707078386,0,0
2,1003758009,1013719141,,,明天上午就开始了,1019751501,微笑的旗子萝卜,1503668059425,0,0
1,1003749048,,,请问老师，以后会不会开设“宠物猫鉴赏”课程？,请问老师，以后会不会开设“宠物猫鉴赏”课程？谢谢老师,11374335,用户已飞升,1503629061044,2,0
2,1003749048,1013718524,,,同问,1017705470,飞翔的企鹅mooc6,1503719585810,0,0
2,1003749048,1013717538,,,<p>同问<br ></p>,512816,迷茫的小锦鲤,1503718346615,0,0
1,1003752018,,,期末考试时间,什么时候考试呢？,1021623994,永恒的魔羯座,1503592956499,0,0
1,1003743017,,,牙齿怎么看？,老师，你上课讲牙齿的时候有放图，但是图片看不清楚，那个3.1.0.3/3.1.0.3是什么意思？,1029147391,mooc1503450099515,1503568701732,2,0
2,1003743017,1013720664,,,谢谢老师！,1029147391,mooc1503450099515,1503727668663,0,0
2,1003743017,1013719302,,,<p>哺乳动物的齿式，就是上下颌门齿.犬齿.前臼齿.后臼齿数目</p>,1024387779,熊家军,1503707188690,0,1
1,1003745009,,,关于狗狗耳炎,我家狗是泰迪，每次洗完澡都会给它滴耳药，但为什么狗狗还是抓耳朵，挠耳朵，还甩头，那狗狗是不是患有耳炎哪,1028065708,heihubaobei,1503562599608,2,0
2,1003745009,1013749698,,,<p>洗澡后不会，一段时间后有，谢谢老师<br ></p>,1028065708,heihubaobei,1504008782709,0,0
2,1003745009,1013720308,,,<p>耳朵内可能有异物或者发炎，如果只是在洗澡后有这种表现可能就是耳朵内还有水，如果平常有这种表现最后到宠物医院去彻底检查</p>,1024387779,熊家军,1503707319029,0,0
1,1003736669,,,没网，作业交不上，怎么办,,12069783,红尘炼心mooc1,1503496733307,1,0
2,1003736669,1013694282,,,<p>网吧，二元搞定。</p>,5329913,187017549qqcom,1503543426623,0,0
1,1003739487,,,课程里面说到犬能分辨出50多万种气味，是人的百万倍？,那人岂不是一种都分辨不出来了吗？？？,512816,迷茫的小锦鲤,1503475059305,1,0
2,1003739487,1013717352,,,<p>不能这么理解，只是说明犬的鼻子对气味分辨率要高很多，人都能分辨出那么多气味，狗鼻子就分辨的更多了</p>,1024387779,熊家军,1503707405486,0,0
1,1003741543,,,关于哈士奇怎么养？或者怎么样教育狗狗的行为,,1027945546,铜仁学院13张楷,1503390970106,2,0
2,1003741543,1013736001,,,<p>要有耐心，讲究方法。</p>,1023085200,mooc1482470737764,1503903901520,0,0
2,1003741543,1013696174,,,<p>哪二傻子，出了名的多变，别想训好，养他的都是会疯的，所以别指着太高，它不是笨，它是太多变。</p>,5329913,187017549qqcom,1503543391643,0,0
1,1003741492,,,宠物犬,感觉学习了这么多关于狗狗的知识，要好好的养好一只真是不容易啊!就跟养一个baby一样 (-^〇^-),1016992810,七七ykt1462714477103,1503386074662,3,0
2,1003741492,1013736004,,,<p>就是的，生活处处有学问。</p>,1023085200,mooc1482470737764,1503903984689,0,0
2,1003741492,1013687576,,,<p>把他当做家人 就能养好了<br ></p>,1015198629,mooc-w小七,1503479781189,0,0
2,1003741492,1013680359,,,是啊 &nbsp;它们需要很多关心&nbsp;,1027945546,铜仁学院13张楷,1503390823172,0,0
1,1003736400,,,教学视频是否不完整？,RT，好像最后两个视频没完就戛然而止了。,5064893,黛叶草,1503383106230,2,0
2,1003736400,1013696171,,,<p>是有，不过看文档也是可以的。</p>,5329913,187017549qqcom,1503543318562,0,0
2,1003736400,1013691968,,,<p>同问<br ></p>,512816,迷茫的小锦鲤,1503536091829,0,0
1,1003740510,,,狗狗怕打雷和闪电,狗狗听觉灵敏，外界环境剧烈的声响不是很怕，但是唯独就是怕打雷和下大雨，一听到打雷的声音就坐立不安，浑身发抖，呼吸也急促，有什么办法可以让狗狗不再害怕打雷呢？,1028180068,cissyzhao,1503372086477,3,0
2,1003740510,1013720309,,,<p>狗本能就害怕突然发出巨大的声响，平常有剧烈的声音可能就是熟悉了就不怕了，但打雷不是想听到就能听到的，大多数狗对雷声都不是那么害怕，这时候如果有人在旁边安抚一下，以后听到的次数多了，慢慢就好了</p>,1024387779,熊家军,1503707554273,0,0
2,1003740510,1013717258,,,可以在网上搜索一下这方面的信息,1021768552,mooc1478366696582,1503675310437,0,0
2,1003740510,1013684768,,,<p>我家狗狗特别不喜欢放炮，一有放炮的声音，就大叫；每年春节，小宝都要受委屈</p>,1026859800,爱学习的安迪,1503414259576,0,0
1,1003739315,,,狂犬病,当得知狗已经患上狂犬病，怎么才能控制传染源和切断传播途径又让自己不受伤害？,1028013891,孟令荣,1503366999915,2,0
2,1003739315,1013691426,,,<p>还是在保证安全的前提下把他杀掉吧&nbsp; 然后深埋或者火葬<br ></p>,1015198629,mooc-w小七,1503479822273,0,0
2,1003739315,1013678706,,,<p>狗患病一般找疫控中心，他们出人，给狗处理掉，给狗所在环境消毒。也可以自己处理，就是打死，消毒，深埋也可火葬，其实这病发病很低的，全辽宁省一年也才一例，只是无法治，得上死，很无奈，然后还怪到狗身上，其实各种动物咬伤都有可能传染。</p>,5329913,187017549qqcom,1503368435699,0,0
1,1003740496,,,疫苗,为什么在农村养的狗从来没有给它们打过疫苗，而它们却很少生病，又健康呢,1028013891,孟令荣,1503366764059,1,0
2,1003740496,1013721326,,,<p>这并不是说农村养的狗不会生病，比如说媒体报道的狂犬病咬人事件，大多数是农村散养的土狗，有一点事肯定的，农村没有打疫苗的狗患病几率肯定要高些，之所以很少见到，可能就是农村的土狗平常散放，活动范围大，密度小，对疾病抵抗力稍微强于其他的犬，另外，农村的土狗即使生病了得到的关注少些，也没有人会像对待宠物犬那样花那么大的代价去看病，因此表面上看我们平常见到的土狗都是健康的。</p><p><br ></p>,1024387779,熊家军,1503707980572,0,1
1,1003740463,,,看着PPT读，还不如听听广播形式的,,1022014742,简mooc155,1503322616305,1,0
2,1003740463,1013720311,,,<p>PPT不是课本，ppt只是上课时的一种辅助手段，如果只看PPT而不听课的话，我相信即使在你平常的课堂中，你也会漏掉很多信息的</p>,1024387779,熊家军,1503708072896,0,0
1,1003741321,,,过了二年没有给狗打疫苗，要怎么办。,老师，由于我不在家，我家狗有二年的时间没有打疫苗，原来打的是英特威。狗6岁了，今年要打的话，要怎么打。,5329913,187017549qqcom,1503299775548,2,0
2,1003741321,1013732323,,,<p>是，老师，怎么接着打，要打原来哪个一年一次，还是重新一年三针，然后在一年一次啊。</p><p><br ></p>,5329913,187017549qqcom,1503881986522,0,0
2,1003741321,1013719310,,,<p>打疫苗只是一种防护手段，并不是说没有打疫苗的狗都会患病，如果你的狗目前还处于健康状态，按疫苗的注射程序接着再打，也一样在后面的时间里起到保护作用</p><p><br ></p>,1024387779,熊家军,1503708190852,0,0
1,1003739212,,,宠物犬常用体温计,测验的答案有误吧？,1027998874,天天天天天少,1503231650794,1,0
2,1003739212,1013663988,,,<p>答案正确，有3个正确答案</p>,1024387779,熊家军,1503267957464,0,0
1,1003737170,,,得过犬细小病毒病的小狗是否终生不再得此病了？,,2521680,yannangao,1503225272748,2,0
2,1003737170,1013718310,,,<p>赞同楼上所说</p>,1024387779,熊家军,1503708215092,0,0
2,1003737170,1013682102,,,<p>医生说得了细小之后基本就终身免疫了，但是话不能绝对，只是相对于其他狗而言，康复之后还要打免疫针的。</p>,1028373477,王云琪,1503384334282,0,1
1,1003736093,,,抑制性,什么是犬的抑制性条件反射,1871973,雷超198505,1503132603338,0,0
1,1003737029,,,最后两次作业不能上传附件了？,第六章和第七章的作业要求直接做答吗？怎么不能上传附加了？,2766842,2020真难,1503064833520,1,0
2,1003737029,1013721330,,,<p>设置和以前几次作业一样，是可以添加的，如果暂时不能上传附件，也有可能是网络的问题，请稍后或者换个时间上传</p>,1024387779,熊家军,1503708310777,1,0
3,1003737029,1013721330,1004175634,,嗯，开始刚开放的时候不行，但是隔了两天再看一下又可以了。已经提交了，谢谢老师！,2766842,2020真难,1503827942689,,0
1,1003724095,,,枫叶红的金毛犬是不是不算纯种犬？,如题：枫叶红的金毛犬是不是杂种犬？,1068780,绝望人间,1502957177730,2,0
2,1003724095,1013691427,,,<p>狗狗的体色好复杂...<br ></p>,1015198629,mooc-w小七,1503479847130,0,0
2,1003724095,1013672430,,,枫叶红金毛统指毛色为棕红色的金毛犬，名字比较好听，据说金毛有9种颜色，枫叶红应该是其中一种。另请注意区分枫叶红金毛与枫叶系金毛的区分。,1026694134,我心微笑皮皮,1503295013804,1,0
3,1003724095,1013672430,1004149133,,<p>啊？！枫叶红金毛和枫叶系金毛不是一类吗？那怎样才能不被狗贩子忽悠呢？</p>,1068780,绝望人间,1503388130760,,0
1,1003726036,,,犬的驱虫和防疫,,1024387779,熊家军,1502924715306,108,3
2,1003726036,1013779183,,,<p>1.出生后20天左右进行驱虫，两个月左右进行疫苗接种</p><p>2.驱虫的注意事项：&nbsp;</p><p>（1）驱虫应在适宜的时间进行，具体时间应根据各寄生虫的生活史来确定&nbsp;</p><p>（2）注射疫苗期间不能吃驱虫药，驱虫药可以在注射疫苗一周前或者一周后进行驱虫&nbsp;</p><p>（3）驱虫应在隔离的场所进行&nbsp;</p><p>（4）犬驱虫后应隔一定时间再驱一次，直至被驱除的虫体排净为止&nbsp;</p><p>（5）驱虫后排出的粪便一定要进行深埋或发酵处理</p><p>3.注射疫苗注意事项</p><p>（1）犬必须定期注射疫苗，提高免疫力，降低感染风险&nbsp;</p><p>（2）刚买的犬不应立即注射疫苗，待适应环境后进行免疫</p><p>（3）不健康的犬也应暂缓免疫&nbsp;</p><p>（4）怀孕早期和后期不应免疫，否则可能引起流产&nbsp;</p><p>（5）泌乳期可能引起暂时泌乳量减少&nbsp;</p><p>（6）免疫后应在动物医院观察半小时左右，甚至一小时</p><p><br ></p>,1023576415,mooc1484101565132,1504183144930,0,0
2,1003726036,1013770232,,,<p>幼犬20日龄首次驱虫</p><p>（ 1 ）驱虫应在适宜的时间进行，具体时间应根据各</p><p>寄生虫的生活史来确定。</p><p>（ 2 ）注射疫苗期间不能吃驱虫药，驱虫药可以在注</p><p>射疫苗一周前或者一周后进行驱虫。</p><p>（ 3 ）驱虫应在隔离的场所进行。</p><p>（ 4 ）犬驱虫后应隔一定时间再驱一次，直至被驱除</p><p>的虫体排净为止。</p><p>（ 5 ）驱虫后排出的粪便一定要进行深埋或发酵处理</p><p><br ></p><p>幼犬正于2月龄左右初次免疫，有些疫苗受母源抗体影响小，可提早免疫；<br >初次免疫后隔3周（15-20天）左右进行第二次加强免疫；<br >再过3周左右进行第三次加强免疫；<br >此后每半年（国产）或一年（进口）加强免疫一次。<br >狂犬疫单苗每年免疫一次。</p><p>（1）犬必须定期注射疫苗，提高免疫力，降低感染风险&nbsp;</p><p>（2）刚买的犬不应立即注射疫苗，待适应环境后进行免疫</p><p>（3）不健康的犬也应暂缓免疫&nbsp;</p><p>（4）怀孕早期和后期不应免疫，否则可能引起流产&nbsp;</p><p>（5）泌乳期可能引起暂时泌乳量减少&nbsp;</p><p>（6）免疫后应在动物医院观察半小时左右，甚至一小时</p><p><br ></p><p><br ></p><p><br ></p>,10827474,秋风掃落葉,1504160638693,0,1
2,1003726036,1013769622,,,"一、驱虫：
幼犬20日龄首次驱虫，每月一次直至半岁，半岁开始每季度一次，成年后每半年一次。

    注意事项：

   （1）驱虫应在适宜的时间进行，具体时间应根据各寄生虫的生活史来确定。
   （2）注射疫苗期间不能吃驱虫药，驱虫药可以在注射疫苗一周前或者一周后进行驱虫。
   （3）驱虫应在隔离的场所进行。
   （4）犬驱虫后应隔一定时间再驱一次，直至被驱除的虫体排净为止。
   （5）驱虫后排出的粪便一定要进行深埋或发酵处理。

二、注射疫苗：

   幼犬正于2月龄左右初次免疫，有些疫苗受母源抗体影响小，可提早免疫；
   初次免疫后隔3周（15-20天）左右进行第二次加强免疫；
   再过3周左右进行第三次加强免疫；
   此后每半年（国产）或一年（进口）加强免疫一次。
   狂犬疫单苗每年免疫一次。

   注意事项：

   （1）犬必须定期注射疫苗，提高免疫力，降低感染风险。
   （2）刚买的犬不应立即注射疫苗，待适应环境（约半个月）后进行免疫。
   （3）不健康的犬也应暂缓免疫。
   （4）怀孕早期和后期不应免疫，否则可能引起流产。
   （5）泌乳期可能引起暂时泌乳量减少。
   （6）免疫后应在动物医院观察半小时左右，甚至一小时。",1023397667,如见参商,1504108306634,0,0
2,1003726036,1013755508,,,二十日龄,1014094281,陈治州,1504063207527,0,0
2,1003726036,1013745538,,,<p>驱虫时间:幼犬20日龄首次驱虫，每月一次至半岁，半岁开始每季度一次，成年后每半年一次。</p><p>注射疫苗时间：</p><p>&nbsp; &nbsp;犬常在两个月左右开始初次免疫，有些疫苗受母源抗体影响小，可提早免疫。</p><p> &nbsp;初次免疫后隔3 3 周左右进行第二次加强免疫。</p><p> &nbsp;再过3 3 周左右进行第三次加强免疫。</p><p> &nbsp;以后每半年（国产）或一年（进口）加强免疫一次。</p><p> &nbsp;狂犬疫单苗每年免疫一次。</p><p>注意事项：</p><p>&nbsp; &nbsp;犬必须定期注射疫苗，提高免疫力，降低感染风险。</p><p> &nbsp;刚买的犬不应立即注射疫苗，待适应环境后进行免疫。</p><p> &nbsp;不健康的犬也应暂缓免疫。</p><p> &nbsp;怀孕早期和后期不应免疫，否则可能引起流产。</p><p> &nbsp;泌乳期可能引起暂时泌乳量减少。</p><p> &nbsp;免疫后应在动物医院观察半小时左右 ，甚至一小时。</p><p><br ></p>,1871973,雷超198505,1503976502599,0,0
2,1003726036,1013741487,,,<p>一、驱虫</p><p>&nbsp; &nbsp; 幼犬20日龄首次驱虫，每月一次直至半岁，半岁开始每季度一次，成年后每半年一次。</p><p>&nbsp; &nbsp; 注意事项：</p><p>&nbsp; &nbsp;（1）驱虫应在适宜的时间进行，具体时间应根据各寄生虫的生活史来确定。</p><p>&nbsp; &nbsp;（2）注射疫苗期间不能吃驱虫药，驱虫药可以在注射疫苗一周前或者一周后进行驱虫。</p><p>&nbsp; &nbsp;（3）驱虫应在隔离的场所进行。</p><p>&nbsp; &nbsp;（4）犬驱虫后应隔一定时间再驱一次，直至被驱除的虫体排净为止。</p><p>&nbsp; &nbsp;（5）驱虫后排出的粪便一定要进行深埋或发酵处理。</p><p>二、注射疫苗：</p><p>&nbsp; &nbsp;幼犬正于2月龄左右初次免疫，有些疫苗受母源抗体影响小，可提早免疫；</p><p>&nbsp; &nbsp;初次免疫后隔3周（15-20天）左右进行第二次加强免疫；</p><p>&nbsp; &nbsp;再过3周左右进行第三次加强免疫；</p><p>&nbsp; &nbsp;此后每半年（国产）或一年（进口）加强免疫一次。</p><p>&nbsp; &nbsp;狂犬疫单苗每年免疫一次。</p><p>&nbsp; &nbsp;注意事项：</p><p>&nbsp; &nbsp;（1）犬必须定期注射疫苗，提高免疫力，降低感染风险。</p><p>&nbsp; &nbsp;（2）刚买的犬不应立即注射疫苗，待适应环境（约半个月）后进行免疫。</p><p>&nbsp; &nbsp;（3）不健康的犬也应暂缓免疫。</p><p>&nbsp; &nbsp;（4）怀孕早期和后期不应免疫，否则可能引起流产。</p><p>&nbsp; &nbsp;（5）泌乳期可能引起暂时泌乳量减少。</p><p>&nbsp; &nbsp;（6）免疫后应在动物医院观察半小时左右，甚至一小时。</p><p><br ></p>,1020979096,mooc1476279850119,1503971403729,0,0
2,1003726036,1013739920,,,<p>驱虫：幼犬20日龄首次驱虫，每月一次直至半岁，半岁开始每季度一次，成年后每半年一次。</p><p>看起来真的好多事情要做。需要双方的热情去做。</p>,11789681,billyumooc,1503963291449,0,0
2,1003726036,1013738721,,,<p>免疫：犬通常在两个月左右初次免疫，有些疫苗受母源抗体影响小，可提早免疫，初次免疫后隔三周左右进行第二次加强免疫，再过三周左右进行第三次加强免疫，以后每半年（国产）或一年（进口）进行加强免疫， 狂犬疫单苗每年免疫一次。&nbsp;</p><p>免疫注意事项：&nbsp;</p><p>&nbsp;（1）犬必须定期注射疫苗，提高免疫力。降低感染风险。</p><p>&nbsp;（2）刚买的犬不应立即注射疫苗，要等适应环境后在进行免疫。&nbsp;</p><p>&nbsp;（3）不健康的犬应该暂缓免疫。</p><p>&nbsp;（4）怀孕早期或者晚期不应该免疫，否则可能引起流产。&nbsp;</p><p>&nbsp;（5）泌乳期可能引起暂时泌乳量减少。</p><p>&nbsp;（6）免疫后应在动物医院观察半小时到一小时后再离开。</p><p>驱虫：幼犬20日龄首次驱虫，每月一次直至半岁，半岁开始每季度一次，成年后每半年一次。</p><p>驱虫注意事项：</p><p>&nbsp;（1）驱虫应在适宜时间进行，具体时间应根据各类寄生虫的生活史确定。</p><p>&nbsp;（2）注射疫苗期间不能吃驱虫药，应在注射疫苗一周前或一周后进行驱虫 。</p><p>（3）应在隔离场所进行驱虫 。</p><p>（4）驱虫应在一定时间后再进行一次，直到被驱虫体排净为主 。</p><p>（5）驱虫后排出的粪便一定要深埋或发酵处理。</p><p><br ></p>,3177730,ahui567567,1503926190248,0,0
2,1003726036,1013739524,,,驱虫：幼犬20日龄首次驱虫,1028413856,腐狗,1503922447628,0,0
2,1003726036,1013738561,,,<p>&nbsp; 幼犬20日龄首次驱虫，每月一次直至半岁，半岁开始每季度一次，成年后每半年一次。驱虫建议采用犬专用驱虫药品，比较安全。</p><p>.驱虫的注意事项：&nbsp;</p><p>（1）驱虫应在适宜的时间进行，具体时间应根据各寄生虫的生活史来确定。&nbsp;</p><p>（2）注射疫苗期间不能吃驱虫药，驱虫药可以在注射疫苗一周前或者一周后进行驱虫。&nbsp;</p><p>（3）驱虫应在隔离的场所进行 。</p><p>（4）犬驱虫后应隔一定时间再驱一次，直至被驱除的虫体排净为止。&nbsp;</p><p>（5）驱虫后排出的粪便一定要进行深埋或发酵处理。</p><p><br ></p>,1022512871,樱mooc31,1503921486993,0,0
2,1003726036,1013737430,,,<p>一、驱虫</p><p>&nbsp; &nbsp; 幼犬20日龄首次驱虫，每月一次直至半岁，半岁开始每季度一次，成年后每半年一次。<br ></p><p>&nbsp; &nbsp; 注意事项：</p><p>&nbsp; &nbsp;（1）驱虫应在适宜的时间进行，具体时间应根据各寄生虫的生活史来确定。<br >&nbsp; &nbsp;（2）注射疫苗期间不能吃驱虫药，驱虫药可以在注射疫苗一周前或者一周后进行驱虫。<br >&nbsp; &nbsp;（3）驱虫应在隔离的场所进行。<br >&nbsp; &nbsp;（4）犬驱虫后应隔一定时间再驱一次，直至被驱除的虫体排净为止。<br >&nbsp; &nbsp;（5）驱虫后排出的粪便一定要进行深埋或发酵处理。</p><p>二、注射疫苗：</p><p>&nbsp; &nbsp;幼犬正于2月龄左右初次免疫，有些疫苗受母源抗体影响小，可提早免疫；<br >&nbsp; &nbsp;初次免疫后隔3周（15-20天）左右进行第二次加强免疫；<br >&nbsp; &nbsp;再过3周左右进行第三次加强免疫；<br >&nbsp; &nbsp;此后每半年（国产）或一年（进口）加强免疫一次。<br >&nbsp; &nbsp;狂犬疫单苗每年免疫一次。</p><p>&nbsp; &nbsp;注意事项：</p><p>&nbsp; &nbsp;（1）犬必须定期注射疫苗，提高免疫力，降低感染风险。<br >&nbsp; &nbsp;（2）刚买的犬不应立即注射疫苗，待适应环境（约半个月）后进行免疫。<br >&nbsp; &nbsp;（3）不健康的犬也应暂缓免疫。<br >&nbsp; &nbsp;（4）怀孕早期和后期不应免疫，否则可能引起流产。<br >&nbsp; &nbsp;（5）泌乳期可能引起暂时泌乳量减少。<br >&nbsp; &nbsp;（6）免疫后应在动物医院观察半小时左右，甚至一小时。</p><p></p>,6331623,房地产大亨,1503917068299,0,2
2,1003726036,1013739240,,,<p>1.出生后20天左右进行驱虫，两个月左右进行疫苗接种</p><p>2.驱虫的注意事项：&nbsp;</p><p>（1）驱虫应在适宜的时间进行，具体时间应根据各寄生虫的生活史来确定&nbsp;</p><p>（2）注射疫苗期间不能吃驱虫药，驱虫药可以在注射疫苗一周前或者一周后进行驱虫&nbsp;</p><p>（3）驱虫应在隔离的场所进行&nbsp;</p><p>（4）犬驱虫后应隔一定时间再驱一次，直至被驱除的虫体排净为止&nbsp;</p><p>（5）驱虫后排出的粪便一定要进行深埋或发酵处理</p><p>3.注射疫苗注意事项</p><p>（1）犬必须定期注射疫苗，提高免疫力，降低感染风险&nbsp;</p><p>（2）刚买的犬不应立即注射疫苗，待适应环境后进行免疫</p><p>（3）不健康的犬也应暂缓免疫&nbsp;</p><p>（4）怀孕早期和后期不应免疫，否则可能引起流产&nbsp;</p><p>（5）泌乳期可能引起暂时泌乳量减少&nbsp;</p><p>（6）免疫后应在动物医院观察半小时左右，甚至一小时</p><p><br ></p>,1024797251,m13626950520163com,1503913481380,0,0
2,1003726036,1013733894,,,<p>一、驱虫</p><p>&nbsp; &nbsp; 幼犬20日龄首次驱虫，每月一次直至半岁，半岁开始每季度一次，成年后每半年一次。<br ></p><p>&nbsp; &nbsp; 注意事项：</p><p>&nbsp; &nbsp;（1）驱虫应在适宜的时间进行，具体时间应根据各寄生虫的生活史来确定。<br >&nbsp; &nbsp;（2）注射疫苗期间不能吃驱虫药，驱虫药可以在注射疫苗一周前或者一周后进行驱虫。<br >&nbsp; &nbsp;（3）驱虫应在隔离的场所进行。<br >&nbsp; &nbsp;（4）犬驱虫后应隔一定时间再驱一次，直至被驱除的虫体排净为止。<br >&nbsp; &nbsp;（5）驱虫后排出的粪便一定要进行深埋或发酵处理。</p><p>二、注射疫苗：</p><p>&nbsp; &nbsp;幼犬正于2月龄左右初次免疫，有些疫苗受母源抗体影响小，可提早免疫；<br >&nbsp; &nbsp;初次免疫后隔3周（15-20天）左右进行第二次加强免疫；<br >&nbsp; &nbsp;再过3周左右进行第三次加强免疫；<br >&nbsp; &nbsp;此后每半年（国产）或一年（进口）加强免疫一次。<br >&nbsp; &nbsp;狂犬疫单苗每年免疫一次。</p><p>&nbsp; &nbsp;注意事项：</p><p>&nbsp; &nbsp;（1）犬必须定期注射疫苗，提高免疫力，降低感染风险。<br >&nbsp; &nbsp;（2）刚买的犬不应立即注射疫苗，待适应环境（约半个月）后进行免疫。<br >&nbsp; &nbsp;（3）不健康的犬也应暂缓免疫。<br >&nbsp; &nbsp;（4）怀孕早期和后期不应免疫，否则可能引起流产。<br >&nbsp; &nbsp;（5）泌乳期可能引起暂时泌乳量减少。<br >&nbsp; &nbsp;（6）免疫后应在动物医院观察半小时左右，甚至一小时。</p><p><br ></p>,12828910,哇咔咔呀,1503904772480,0,1
2,1003726036,1013733492,,,"2.驱虫的注意事项： 

（1）驱虫应在适宜的时间进行，具体时间应根据各寄生虫的生活史来确定 

（2）注射疫苗期间不能吃驱虫药，驱虫药可以在注射疫苗一周前或者一周后进行驱虫 

（3）驱虫应在隔离的场所进行 

（4）犬驱虫后应隔一定时间再驱一次，直至被驱除的虫体排净为止 

（5）驱虫后排出的粪便一定要进行深埋或发酵处理

3.注射疫苗注意事项

（1）犬必须定期注射疫苗，提高免疫力，降低感染风险 

（2）刚买的犬不应立即注射疫苗，待适应环境后进行免疫

（3）不健康的犬也应暂缓免疫 

（4）怀孕早期和后期不应免疫，否则可能引起流产 

（5）泌乳期可能引起暂时泌乳量减少 

（6）免疫后应在动物医院观察半小时左右，甚至一小时",9205060,瞎猫逮住死耗子,1503892154791,0,0
2,1003726036,1013732442,,,<p>1.出生后20天左右进行驱虫，两个月左右进行疫苗接种</p><p>2.驱虫的注意事项：&nbsp;</p><p>（1）驱虫应在适宜的时间进行，具体时间应根据各寄生虫的生活史来确定&nbsp;</p><p>（2）注射疫苗期间不能吃驱虫药，驱虫药可以在注射疫苗一周前或者一周后进行驱虫&nbsp;</p><p>（3）驱虫应在隔离的场所进行&nbsp;</p><p>（4）犬驱虫后应隔一定时间再驱一次，直至被驱除的虫体排净为止&nbsp;</p><p>（5）驱虫后排出的粪便一定要进行深埋或发酵处理</p><p>3.注射疫苗注意事项</p><p>（1）犬必须定期注射疫苗，提高免疫力，降低感染风险&nbsp;</p><p>（2）刚买的犬不应立即注射疫苗，待适应环境后进行免疫</p><p>（3）不健康的犬也应暂缓免疫&nbsp;</p><p>（4）怀孕早期和后期不应免疫，否则可能引起流产&nbsp;</p><p>（5）泌乳期可能引起暂时泌乳量减少&nbsp;</p><p>（6）免疫后应在动物医院观察半小时左右，甚至一小时</p><p><br ></p>,1028612625,liuruiliuruiliurui,1503886278748,0,0
2,1003726036,1013733326,,,<p>1.出生后20天左右进行驱虫，两个月左右进行疫苗接种</p><p>2.驱虫的注意事项：&nbsp;</p><p>（1）驱虫应在适宜的时间进行，具体时间应根据各寄生虫的生活史来确定&nbsp;</p><p>（2）注射疫苗期间不能吃驱虫药，驱虫药可以在注射疫苗一周前或者一周后进行驱虫&nbsp;</p><p>（3）驱虫应在隔离的场所进行&nbsp;</p><p>（4）犬驱虫后应隔一定时间再驱一次，直至被驱除的虫体排净为止&nbsp;</p><p>（5）驱虫后排出的粪便一定要进行深埋或发酵处理</p><p>3.注射疫苗注意事项</p><p>（1）犬必须定期注射疫苗，提高免疫力，降低感染风险&nbsp;</p><p>（2）刚买的犬不应立即注射疫苗，待适应环境后进行免疫</p><p>（3）不健康的犬也应暂缓免疫&nbsp;</p><p>（4）怀孕早期和后期不应免疫，否则可能引起流产&nbsp;</p><p>（5）泌乳期可能引起暂时泌乳量减少&nbsp;</p><p>（6）免疫后应在动物医院观察半小时左右，甚至一小时</p><p><br ></p>,1028612625,liuruiliuruiliurui,1503886274086,0,0
2,1003726036,1013728148,,,<p>1.出生后20天左右进行驱虫，两个月左右进行疫苗接种</p><p>2.驱虫的注意事项：&nbsp;</p><p>（1）驱虫应在适宜的时间进行，具体时间应根据各寄生虫的生活史来确定&nbsp;</p><p>（2）注射疫苗期间不能吃驱虫药，驱虫药可以在注射疫苗一周前或者一周后进行驱虫&nbsp;</p><p>（3）驱虫应在隔离的场所进行&nbsp;</p><p>（4）犬驱虫后应隔一定时间再驱一次，直至被驱除的虫体排净为止&nbsp;</p><p>（5）驱虫后排出的粪便一定要进行深埋或发酵处理</p><p>3.注射疫苗注意事项</p><p>（1）犬必须定期注射疫苗，提高免疫力，降低感染风险&nbsp;</p><p>（2）刚买的犬不应立即注射疫苗，待适应环境后进行免疫</p><p>（3）不健康的犬也应暂缓免疫&nbsp;</p><p>（4）怀孕早期和后期不应免疫，否则可能引起流产&nbsp;</p><p>（5）泌乳期可能引起暂时泌乳量减少&nbsp;</p><p>（6）免疫后应在动物医院观察半小时左右，甚至一小时</p><p><br ></p>,1021589235,彭美宝,1503840068592,0,0
2,1003726036,1013723920,,,<p>&nbsp;</p><p>1.出生后20天左右进行驱虫，两个月左右进行疫苗接种</p><p>2.驱虫的注意事项：&nbsp;</p><p>（1）驱虫应在适宜的时间进行，具体时间应根据各寄生虫的生活史来确定&nbsp;</p><p>（2）注射疫苗期间不能吃驱虫药，驱虫药可以在注射疫苗一周前或者一周后进行驱虫&nbsp;</p><p>（3）驱虫应在隔离的场所进行&nbsp;</p><p>（4）犬驱虫后应隔一定时间再驱一次，直至被驱除的虫体排净为止&nbsp;</p><p>（5）驱虫后排出的粪便一定要进行深埋或发酵处理</p><p>3.注射疫苗注意事项</p><p>（1）犬必须定期注射疫苗，提高免疫力，降低感染风险&nbsp;</p><p>（2）刚买的犬不应立即注射疫苗，待适应环境后进行免疫</p><p>（3）不健康的犬也应暂缓免疫&nbsp;</p><p>（4）怀孕早期和后期不应免疫，否则可能引起流产&nbsp;</p><p>（5）泌乳期可能引起暂时泌乳量减少&nbsp;</p><p>（6）免疫后应在动物医院观察半小时左右，甚至一小时</p>,10793532,Tinny,1503826882908,0,0
2,1003726036,1013722559,,,<p>排序方式：回复时间投票数</p><p>1.出生后20天左右进行驱虫，两个月左右进行疫苗接种</p><p>2.驱虫的注意事项：&nbsp;</p><p>（1）驱虫应在适宜的时间进行，具体时间应根据各寄生虫的生活史来确定&nbsp;</p><p>（2）注射疫苗期间不能吃驱虫药，驱虫药可以在注射疫苗一周前或者一周后进行驱虫&nbsp;</p><p>（3）驱虫应在隔离的场所进行&nbsp;</p><p>（4）犬驱虫后应隔一定时间再驱一次，直至被驱除的虫体排净为止&nbsp;</p><p>（5）驱虫后排出的粪便一定要进行深埋或发酵处理</p><p>3.注射疫苗注意事项</p><p>（1）犬必须定期注射疫苗，提高免疫力，降低感染风险&nbsp;</p><p>（2）刚买的犬不应立即注射疫苗，待适应环境后进行免疫</p><p>（3）不健康的犬也应暂缓免疫&nbsp;</p><p>（4）怀孕早期和后期不应免疫，否则可能引起流产&nbsp;</p><p>（5）泌乳期可能引起暂时泌乳量减少&nbsp;</p><p>（6）免疫后应在动物医院观察半小时左右，甚至一小时</p>,1017022692,Xros_Heart,1503805220706,0,0
2,1003726036,1013725460,,,<p>1.出生后20天左右进行驱虫，两个月左右进行疫苗接种</p><p>2.驱虫的注意事项：&nbsp;</p><p>（1）驱虫应在适宜的时间进行，具体时间应根据各寄生虫的生活史来确定&nbsp;</p><p>（2）注射疫苗期间不能吃驱虫药，驱虫药可以在注射疫苗一周前或者一周后进行驱虫&nbsp;</p><p>（3）驱虫应在隔离的场所进行&nbsp;</p><p>（4）犬驱虫后应隔一定时间再驱一次，直至被驱除的虫体排净为止&nbsp;</p><p>（5）驱虫后排出的粪便一定要进行深埋或发酵处理</p><p>3.注射疫苗注意事项</p><p>（1）犬必须定期注射疫苗，提高免疫力，降低感染风险&nbsp;</p><p>（2）刚买的犬不应立即注射疫苗，待适应环境后进行免疫</p><p>（3）不健康的犬也应暂缓免疫&nbsp;</p><p>（4）怀孕早期和后期不应免疫，否则可能引起流产&nbsp;</p><p>（5）泌乳期可能引起暂时泌乳量减少&nbsp;</p><p>（6）免疫后应在动物医院观察半小时左右，甚至一小时</p><p><br ></p>,1697567,岩23,1503803574447,0,0
2,1003726036,1013722519,,,<p>1.出生后20天左右进行驱虫，两个月左右进行疫苗接种</p><p>2.驱虫的注意事项：&nbsp;</p><p>（1）驱虫应在适宜的时间进行，具体时间应根据各寄生虫的生活史来确定&nbsp;</p><p>（2）注射疫苗期间不能吃驱虫药，驱虫药可以在注射疫苗一周前或者一周后进行驱虫&nbsp;</p><p>（3）驱虫应在隔离的场所进行&nbsp;</p><p>（4）犬驱虫后应隔一定时间再驱一次，直至被驱除的虫体排净为止&nbsp;</p><p>（5）驱虫后排出的粪便一定要进行深埋或发酵处理</p><p>3.注射疫苗注意事项</p><p>（1）犬必须定期注射疫苗，提高免疫力，降低感染风险&nbsp;</p><p>（2）刚买的犬不应立即注射疫苗，待适应环境后进行免疫</p><p>（3）不健康的犬也应暂缓免疫&nbsp;</p><p>（4）怀孕早期和后期不应免疫，否则可能引起流产&nbsp;</p><p>（5）泌乳期可能引起暂时泌乳量减少&nbsp;</p><p>（6）免疫后应在动物医院观察半小时左右，甚至一小时</p><p><br ></p>,2344165,案山子,1503802928995,0,0
2,1003726036,1013727446,,,<p>1.出生后20天左右进行驱虫，两个月左右进行疫苗接种</p><p>2.驱虫的注意事项：&nbsp;</p><p>（1）驱虫应在适宜的时间进行，具体时间应根据各寄生虫的生活史来确定&nbsp;</p><p>（2）注射疫苗期间不能吃驱虫药，驱虫药可以在注射疫苗一周前或者一周后进行驱虫&nbsp;</p><p>（3）驱虫应在隔离的场所进行&nbsp;</p><p>（4）犬驱虫后应隔一定时间再驱一次，直至被驱除的虫体排净为止&nbsp;</p><p>（5）驱虫后排出的粪便一定要进行深埋或发酵处理</p><p>3.注射疫苗注意事项</p><p>（1）犬必须定期注射疫苗，提高免疫力，降低感染风险&nbsp;</p><p>（2）刚买的犬不应立即注射疫苗，待适应环境后进行免疫</p><p>（3）不健康的犬也应暂缓免疫&nbsp;</p><p>（4）怀孕早期和后期不应免疫，否则可能引起流产&nbsp;</p><p>（5）泌乳期可能引起暂时泌乳量减少&nbsp;</p><p>（6）免疫后应在动物医院观察半小时左右，甚至一小时</p>,11159496,zmu1312050170,1503802328083,0,0
2,1003726036,1013725180,,,出生后20天左右进行驱虫，两个月左右进行疫苗接种。之后每年定时进行疫苗接种，驱虫1-2月做一次，注意体内驱虫和体外驱虫都不要落下。,1023293719,从容彼岸是生活,1503768083546,0,1
2,1003726036,1013722197,,,<p>驱虫：</p><p>幼犬20日龄首次驱虫，每月一次直至半岁，半岁开始每季度一次，成年后每半年一次。</p><p>驱虫应在适宜的时间进行，具体时间应根据各寄生虫的生活史来确定。<br ></p><p>注射疫苗期间不能吃驱虫药，驱虫药可以在注射疫苗一周前或者一周后进行驱虫。<br ></p><p>驱虫应在隔离的场所进行。<br ></p><p>犬驱虫后应隔一定时间再驱一次，直至被驱除的虫体排净为止。<br ></p><p>驱虫后排出的粪便一定要进行深埋或发酵处理。<br ></p><p><br ></p><p>注射疫苗：</p><p>疫苗无特殊说明时犬常在两个月左右开始初次免疫，有些疫苗受母源抗体影响小，可提早免疫。初次免疫后隔3周左右进行第二次加强免疫。再过3周左右进行第三次加强免疫。以后每半年（国产）或一年（进口）加强免疫一次。</p><p>疫苗有特殊说明时，按疫苗生产厂家建议的免疫程序。</p><p>犬必须定期注射疫苗，提高免疫力，降低感染风险。<br ></p><p>刚买的犬不应立即注射疫苗，待适应环境后进行免疫。<br ></p><p>不健康的犬也应暂缓免疫。<br ></p><p>怀孕早期和后期不应免疫，否则可能引起流产。<br ></p><p>泌乳期可能引起暂时泌乳量减少。<br ></p><p>免疫后应在动物医院观察半小时左右，甚至一小时，确保不出问题。</p><p><br ></p>,1024255514,HZAU2015302200802,1503758563370,0,0
2,1003726036,1013727072,,,1)犬常在两个月左右开始初次免疫，有些疫苗受母源抗体影响小，可提早免疫。 2)初次免疫后隔三周左右进行第二次加强免疫。 3)再过三周左右进行第三次加强免疫。 4)以后每半年（国产）或一年（进口）加强免疫一次。 5)狂犬疫单苗每年免疫一次。 注意事项： 1)犬必须定期注射疫苗，提高免疫力，降低感染风险。 2)刚买的犬不应立即注射疫苗，待适应环境后进行免疫。 3)不健康的犬也应暂缓免疫。 4)怀孕早期和后期不应免疫，否则可能引起流产。 5)泌乳期可能引起暂时乳量减少。 6)免疫后应在动物医院观察半小时左右，甚至一小时。,11827492,xiong928915470163com,1503755951087,0,0
2,1003726036,1013722130,,,"<p>幼犬20日龄首次驱虫，每月一次至半岁，半岁开始每季度一次，成年后每半年一次</p><p>注射疫苗的注意事项：
（1）犬必须定期注射疫苗，提高免疫力，降低感染风险
（2）刚买的犬不应立即注射疫苗，待适应环境后进行免疫。
（3）不健康的犬也应暂缓免疫
（4）怀孕早期和后期不应免疫，否则可能引起流产
（5）泌乳期可能引起暂时泌乳量减少
（6）免疫后应在动物医院观察半小时左右，甚至一小时</p><p><br ></p>",2521680,yannangao,1503754787718,0,0
2,1003726036,1013727047,,,"<p>注射疫苗的时间：
1)犬常在两个月左右开始初次免疫，有些疫苗受母源抗体影响小，可提早免疫。
2)初次免疫后隔三周左右进行第二次加强免疫。
3)再过三周左右进行第三次加强免疫。
4)以后每半年（国产）或一年（进口）加强免疫一次。
5)狂犬疫单苗每年免疫一次。
注意事项：
1)犬必须定期注射疫苗，提高免疫力，降低感染风险。
2)刚买的犬不应立即注射疫苗，待适应环境后进行免疫。
3)不健康的犬也应暂缓免疫。
4)怀孕早期和后期不应免疫，否则可能引起流产。
5)泌乳期可能引起暂时乳量减少。
6)免疫后应在动物医院观察半小时左右，甚至一小时。</p>",11633802,调节生活,1503754482710,0,0
2,1003726036,1013726076,,,"<p>注射疫苗的时间：
1)犬常在两个月左右开始初次免疫，有些疫苗受母源抗体影响小，可提早免疫。
2)初次免疫后隔三周左右进行第二次加强免疫。
3)再过三周左右进行第三次加强免疫。
4)以后每半年（国产）或一年（进口）加强免疫一次。
5)狂犬疫单苗每年免疫一次。
注意事项：
1)犬必须定期注射疫苗，提高免疫力，降低感染风险。
2)刚买的犬不应立即注射疫苗，待适应环境后进行免疫。
3)不健康的犬也应暂缓免疫。
4)怀孕早期和后期不应免疫，否则可能引起流产。
5)泌乳期可能引起暂时乳量减少。
6)免疫后应在动物医院观察半小时左右，甚至一小时。</p>",1026864060,七月夏,1503753774047,0,0
2,1003726036,1013727020,,,"<p>幼犬20日龄首次驱虫，每月一次至半岁，半岁开始每季度一次，成年后每半年一次</p><p>注射疫苗的注意事项：
（1）犬必须定期注射疫苗，提高免疫力，降低感染风险
（2）刚买的犬不应立即注射疫苗，待适应环境后进行免疫。
（3）不健康的犬也应暂缓免疫
（4）怀孕早期和后期不应免疫，否则可能引起流产
（5）泌乳期可能引起暂时泌乳量减少
（6）免疫后应在动物医院观察半小时左右，甚至一小时</p>",1019929009,道心liu,1503752322773,0,0
2,1003726036,1013718956,,,<p>驱虫时间:幼犬20日龄首次驱虫，每月一次至半岁，半岁开始每季度一次，成年后每半年一次。</p><p>注射疫苗时间：</p><p>&nbsp; &nbsp; 犬常在两个月左右开始初次免疫，有些疫苗受母源抗体影响小，可提早免疫。</p><p> &nbsp;初次免疫后隔3 3 周左右进行第二次加强免疫。</p><p> &nbsp;再过3 3 周左右进行第三次加强免疫。</p><p> &nbsp;以后每半年（国产）或一年（进口）加强免疫一次。</p><p> &nbsp;狂犬疫单苗每年免疫一次。</p><p>注意事项：</p><p>&nbsp; &nbsp; 犬必须定期注射疫苗，提高免疫力，降低感染风险。</p><p> &nbsp;刚买的犬不应立即注射疫苗，待适应环境后进行免疫。</p><p> &nbsp;不健康的犬也应暂缓免疫。</p><p> &nbsp;怀孕早期和后期不应免疫，否则可能引起流产。</p><p> &nbsp;泌乳期可能引起暂时泌乳量减少。</p><p> &nbsp;免疫后应在动物医院观察半小时左右 ，甚至一小时。</p><p><br ></p>,1028024569,知否0426,1503747519650,0,0
2,1003726036,1013722025,,,<p>驱虫：</p><p>幼犬20日龄首次驱虫，每月一次直至半岁，半岁开始每季度一次，成年后每半年一次。</p><p>驱虫应在适宜的时间进行，具体时间应根据各寄生虫的生活史来确定；注射疫苗期间不能吃驱虫药，驱虫药可以在注射疫苗一周前或者一周后进行驱虫；驱虫应在隔离的场所进行；犬驱虫后应隔一定时间再驱一次，直至被驱除的虫体排净为止；驱虫后排出的粪便一定要进行深埋或发酵处理。</p><p><br ></p><p>注射疫苗：</p><p>疫苗无特殊说明时犬常在两个月左右开始初次免疫，有些疫苗受母源抗体影响小，可提早免疫。初次免疫后隔3周左右进行第二次加强免疫。再过3周左右进行第三次加强免疫。以后每半年（国产）或一年（进口）加强免疫一次；疫苗有特殊说明时，按疫苗生产厂家建议的免疫程序；犬必须定期注射疫苗，提高免疫力，降低感染风险；刚买的犬不应立即注射疫苗，待适应环境后进行免疫；不健康的犬也应暂缓免疫；怀孕早期和后期不应免疫，否则可能引起流产；泌乳期可能引起暂时泌乳量减少；免疫后应在动物医院观察半小时左右，甚至一小时，确保不出问题。</p><p><br ></p>,1026017200,哎呀萨摩耶,1503747264834,0,0
2,1003726036,1013718832,,,"<p>驱虫：</p><p>幼犬20日龄首次驱虫，每月一次直至半岁，半岁开始每季度一次，成年后每半年一次。</p><ul class="" list-paddingleft-2""  style=""list-style-type: disc;""  ><li><p>驱虫应在适宜的时间进行，具体时间应根据各寄生虫的生活史来确定。<br ></p></li><li><p>注射疫苗期间不能吃驱虫药，驱虫药可以在注射疫苗一周前或者一周后进行驱虫。<br ></p></li><li><p>驱虫应在隔离的场所进行。<br ></p></li><li><p>犬驱虫后应隔一定时间再驱一次，直至被驱除的虫体排净为止。<br ></p></li><li><p>驱虫后排出的粪便一定要进行深埋或发酵处理。<br ></p></li></ul><p><br ></p><p>注射疫苗：</p><p>疫苗无特殊说明时犬常在两个月左右开始初次免疫，有些疫苗受母源抗体影响小，可提早免疫。<span style=""font-size: 12px;""  >初次免疫后隔3周左右进行第二次加强免疫。再过3周左右进行第三次加强免疫。以后每半年（国产）或一年（进口）加强免疫一次。</span></p><p>疫苗有特殊说明时，按疫苗生产厂家建议的免疫程序。</p><ul class="" list-paddingleft-2""  style=""list-style-type: disc;""  ><li><p>犬必须定期注射疫苗，提高免疫力，降低感染风险。<br ></p></li><li><p>刚买的犬不应立即注射疫苗，待适应环境后进行免疫。<br ></p></li><li><p>不健康的犬也应暂缓免疫。<br ></p></li><li><p>怀孕早期和后期不应免疫，否则可能引起流产。<br ></p></li><li><p>泌乳期可能引起暂时泌乳量减少。<br ></p></li><li><p>免疫后应在动物医院观察半小时左右，甚至一小时，确保不出问题。</p></li></ul><p><br ></p>",1434019,月鸟,1503738208252,0,0
2,1003726036,1013718822,,,"1、驱虫：幼犬20日龄首次驱虫，每月一次直至半岁，半岁开始每季度一次，成年后每半年一次。

驱虫的注意事项：

（1）驱虫应在适宜的时间进行，具体时间应根据各寄生虫的生活史来确定

（2）注射疫苗期间不能吃驱虫药，驱虫药可以在注射疫苗一周前或者一周后进行驱虫
（3）驱虫应在隔离的场所进行
（4）犬驱虫后应隔一定时间再驱一次，直至被驱除的虫体排净为止
（5）驱虫后排出的粪便一定要进行深埋或发酵处理


2、注射疫苗：（1）犬常在两个月左右开始初次免疫，有些疫苗受母源抗体影响小，可提早免疫
        （2）初次免疫后隔3周（15-20天）左右进行第二次加强免疫；
        （3）再过3周左右进行第三次加强免疫；
       （4）此后每半年（国产）或一年（进口）加强免疫一次。
      （5）狂犬疫单苗每年免疫一次。

  ",1027219299,常旅商-21701-徐彤,1503737294376,0,0
2,1003726036,1013717796,,,"驱虫时间:幼犬20日龄首次驱虫，每月一次至半岁，半岁开始每季度一次，成年后每半年一次。

注射疫苗时间：

    犬常在两个月左右开始初次免疫，有些疫苗受母源抗体影响小，可提早免疫。

1.初次免疫后隔3 3 周左右进行第二次加强免疫。

2.再过3 3 周左右进行第三次加强免疫。

3. 以后每半年（国产）或一年（进口）加强免疫一次。

4.狂犬疫单苗每年免疫一次。

注意事项：

    犬必须定期注射疫苗，提高免疫力，降低感染风险。

1.刚买的犬不应立即注射疫苗，待适应环境后进行免疫。

2.不健康的犬也应暂缓免疫。

3.怀孕早期和后期不应免疫，否则可能引起流产。

4.  泌乳期可能引起暂时泌乳量减少。

5. 免疫后应在动物医院观察半小时左右 ，甚至一小时。",1015821508,lokeshu,1503734018536,0,0
2,1003726036,1013718690,,,"驱虫时间：幼犬20日龄首次驱虫，每月一次至半岁，半岁开始每季度一次，成年后每半年一次。 
注意事项： （1）驱虫应在适宜的时间进行，具体时间应根据各寄生虫的生活史来确定 （2）注射疫苗期间不能吃驱虫药，驱虫药可以在注射疫苗一周前或者一周后进行驱虫 （3）驱虫应在隔离的场所进行 （4）犬驱虫后应隔一定时间再驱一次，直至被驱除的虫体排净为止 （5）驱虫后排出的粪便一定要进行深埋或发酵处理 
注射疫苗时间： （1）犬常在两个月左右开始初次免疫，有些疫苗受母源抗体影响小，可提早免疫 （2）初次免疫后隔3周（15-20天）左右进行第二次加强免疫； （3）再过3周左右进行第三次加强免疫； （4）此后每半年（国产）或一年（进口）加强免疫一次。 （5）狂犬疫单苗每年免疫一次。
注意事项： （1）犬必须定期注射疫苗，提高免疫力，降低感染风险 （2）刚买的犬不应立即注射疫苗，待适应环境后进行免疫。 （3）不健康的犬也应暂缓免疫 （4）怀孕早期和后期不应免疫，否则可能引起流产 （5）泌乳期可能引起暂时泌乳量减少 （6）免疫后应在动物医院观察半小时左右，甚至一小时",1024701471,rr123,1503730649900,0,0
2,1003726036,1013719445,,,"一、驱虫：幼犬20日龄首次驱虫，每月一次直至半岁，半岁开始每季度一次，成年后每半年一次。 驱虫的注意事项： （1）驱虫应在适宜的时间进行，具体时间应根据各寄生虫的生活史来确定 （2）注射疫苗期间不能吃驱虫药，驱虫药可以在注射疫苗一周前或者一周后进行驱虫 （3）驱虫应在隔离的场所进行 （4）犬驱虫后应隔一定时间再驱一次，直至被驱除的虫体排净为止 （5）驱虫后排出的粪便一定要进行深埋或发酵处理 
二、注射疫苗： （1）犬常在两个月左右开始初次免疫，有些疫苗受母源抗体影响小，可提早免疫 （2）初次免疫后隔3周（15-20天）左右进行第二次加强免疫； （3）再过3周左右进行第三次加强免疫； （4）此后每半年（国产）或一年（进口）加强免疫一次。 （5）狂犬疫单苗每年免疫一次。注射疫苗的注意事项： （1）犬必须定期注射疫苗，提高免疫力，降低感染风险 （2）刚买的犬不应立即注射疫苗，待适应环境后进行免疫。 （3）不健康的犬也应暂缓免疫 （4）怀孕早期和后期不应免疫，否则可能引起流产 （5）泌乳期可能引起暂时泌乳量减少 （6）免疫后应在动物医院观察半小时左右，甚至一小时",1021262705,丁士祥,1503716154008,0,1
2,1003726036,1013720252,,,<p>驱虫时间:幼犬20日龄首次驱虫，每月一次至半岁，半岁开始每季度一次，成年后每半年一次。</p><p>注射疫苗时间：</p><p>&nbsp; &nbsp; 犬常在两个月左右开始初次免疫，有些疫苗受母源抗体影响小，可提早免疫。</p><p> &nbsp;初次免疫后隔3 3 周左右进行第二次加强免疫。</p><p> &nbsp;再过3 3 周左右进行第三次加强免疫。</p><p> &nbsp;以后每半年（国产）或一年（进口）加强免疫一次。</p><p> &nbsp;狂犬疫单苗每年免疫一次。</p><p>注意事项：</p><p>&nbsp; &nbsp; 犬必须定期注射疫苗，提高免疫力，降低感染风险。</p><p> &nbsp;刚买的犬不应立即注射疫苗，待适应环境后进行免疫。</p><p> &nbsp;不健康的犬也应暂缓免疫。</p><p> &nbsp;怀孕早期和后期不应免疫，否则可能引起流产。</p><p> &nbsp;泌乳期可能引起暂时泌乳量减少。</p><p> &nbsp;免疫后应在动物医院观察半小时左右 ，甚至一小时。</p><p><br ></p>,2766842,2020真难,1503683977257,0,4
2,1003726036,1013720217,,,<p>驱虫时间:幼犬20日龄首次驱虫，每月一次至半岁，半岁开始每季度一次，成年后每半年一次。</p><p>注射疫苗时间：</p><p>&nbsp; &nbsp; 犬常在两个月左右开始初次免疫，有些疫苗受母源抗体影响小，可提早免疫。</p><p> &nbsp;初次免疫后隔3 3 周左右进行第二次加强免疫。</p><p> &nbsp;再过3 3 周左右进行第三次加强免疫。</p><p> &nbsp;以后每半年（国产）或一年（进口）加强免疫一次。</p><p> &nbsp;狂犬疫单苗每年免疫一次。</p><p>注意事项：</p><p>&nbsp; &nbsp; 犬必须定期注射疫苗，提高免疫力，降低感染风险。</p><p> &nbsp;刚买的犬不应立即注射疫苗，待适应环境后进行免疫。</p><p> &nbsp;不健康的犬也应暂缓免疫。</p><p> &nbsp;怀孕早期和后期不应免疫，否则可能引起流产。</p><p> &nbsp;泌乳期可能引起暂时泌乳量减少。</p><p> &nbsp;免疫后应在动物医院观察半小时左右 ，甚至一小时。</p><p><br ></p>,1015725468,NaYJ,1503674458724,0,1
2,1003726036,1013720140,,,<p>一、驱虫</p><p>&nbsp; &nbsp; 幼犬20日龄首次驱虫，每月一次直至半岁，半岁开始每季度一次，成年后每半年一次。<br ></p><p>二、注射疫苗：</p><p>&nbsp; &nbsp;幼犬正于2月龄左右初次免疫，有些疫苗受母源抗体影响小，可提早免疫；<br >&nbsp; &nbsp;初次免疫后隔3周（15-20天）左右进行第二次加强免疫；<br >&nbsp; &nbsp;再过3周左右进行第三次加强免疫；<br >&nbsp; &nbsp;此后每半年（国产）或一年（进口）加强免疫一次。<br >&nbsp; &nbsp;狂犬疫单苗每年免疫一次。</p><p><br ></p>,11660626,yayakult,1503667307502,0,1
2,1003726036,1013720061,,,<p>一、</p><p>1.驱虫：刚出生的幼犬20日龄首次驱虫，每月一次直至半岁，半岁开始每季度一次，成年后每半年一次。</p><p>2.驱虫的注意事项：&nbsp;</p><p>（1）驱虫应在适宜的时间进行，具体时间应根据各寄生虫的生活史来确定&nbsp;</p><p>（2）注射疫苗期间不能吃驱虫药，驱虫药可以在注射疫苗一周前或者一周后进行驱虫&nbsp;</p><p>（3）驱虫应在隔离的场所进行&nbsp;</p><p>（4）犬驱虫后应隔一定时间再驱一次，直至被驱除的虫体排净为止&nbsp;</p><p>（5）驱虫后排出的粪便一定要进行深埋或发酵处理</p><p>二、</p><p>1.注射疫苗：</p><p>（1）犬常在两个月左右开始初次免疫，有些疫苗受母源抗体影响小，可提早免疫</p><p>（2）初次免疫后隔3周（15-20天）左右进行第二次加强免疫；<br >（3）再过3周左右进行第三次加强免疫；<br >（4）此后每半年（国产）或一年（进口）加强免疫一次。<br >（5）狂犬疫单苗每年免疫一次。</p><p>2.注射疫苗的注意事项：</p><p>（1）犬必须定期注射疫苗，提高免疫力，降低感染风险<br >（2）刚买的犬不应立即注射疫苗，待适应环境后进行免疫。<br >（3）不健康的犬也应暂缓免疫<br >（4）怀孕早期和后期不应免疫，否则可能引起流产<br >（5）泌乳期可能引起暂时泌乳量减少<br >（6）免疫后应在动物医院观察半小时左右，甚至一小时</p><p><br ></p>,1028284910,于日觅椋,1503662498277,0,0
2,1003726036,1013705913,,,<p>啊~</p><p>真希望可以得到体质增强而不是注释疫苗或者驱虫什么的，这样麻烦的事情</p>,1020998319,就叫懒,1503654147565,0,0
2,1003726036,1013709792,,,"<p>1、驱虫：幼犬20日龄首次驱虫，每月一次直至半岁，半岁开始每季度一次，成年后每半年一次。
驱虫的注意事项：
（1）驱虫应在适宜的时间进行，具体时间应根据各寄生虫的生活史来确定
（2）注射疫苗期间不能吃驱虫药，驱虫药可以在注射疫苗一周前或者一周后进行驱虫
（3）驱虫应在隔离的场所进行
（4）犬驱虫后应隔一定时间再驱一次，直至被驱除的虫体排净为止
（5）驱虫后排出的粪便一定要进行深埋或发酵处理

2、注射疫苗：
（1）犬常在两个月左右开始初次免疫，有些疫苗受母源抗体影响小，可提早免疫
（2）初次免疫后隔3周（15-20天）左右进行第二次加强免疫；
（3）再过3周左右进行第三次加强免疫；
（4）此后每半年（国产）或一年（进口）加强免疫一次。
（5）狂犬疫单苗每年免疫一次。

 &nbsp; 注射疫苗的注意事项：
（1）犬必须定期注射疫苗，提高免疫力，降低感染风险
（2）刚买的犬不应立即注射疫苗，待适应环境后进行免疫。
（3）不健康的犬也应暂缓免疫
（4）怀孕早期和后期不应免疫，否则可能引起流产
（5）泌乳期可能引起暂时泌乳量减少
（6）免疫后应在动物医院观察半小时左右，甚至一小时</p>",1017487120,柳凄凉,1503648776411,0,0
2,1003726036,1013706645,,,<p>一、驱虫</p><p>&nbsp; &nbsp; 幼犬20日龄首次驱虫，每月一次直至半岁，半岁开始每季度一次，成年后每半年一次。<br ></p><p>二、注射疫苗：</p><p>&nbsp; &nbsp;幼犬正于2月龄左右初次免疫，有些疫苗受母源抗体影响小，可提早免疫；<br >&nbsp; &nbsp;初次免疫后隔3周（15-20天）左右进行第二次加强免疫；<br >&nbsp; &nbsp;再过3周左右进行第三次加强免疫；<br >&nbsp; &nbsp;此后每半年（国产）或一年（进口）加强免疫一次。<br >&nbsp; &nbsp;狂犬疫单苗每年免疫一次。</p><p>&nbsp;</p><p><br ></p>,1018747195,诸葛之前欧阳之后mooc,1503638289972,0,0
2,1003726036,1013707538,,,"<p>1、驱虫：幼犬20日龄首次驱虫，每月一次直至半岁，半岁开始每季度一次，成年后每半年一次。
驱虫的注意事项：
（1）驱虫应在适宜的时间进行，具体时间应根据各寄生虫的生活史来确定
（2）注射疫苗期间不能吃驱虫药，驱虫药可以在注射疫苗一周前或者一周后进行驱虫
（3）驱虫应在隔离的场所进行
（4）犬驱虫后应隔一定时间再驱一次，直至被驱除的虫体排净为止
（5）驱虫后排出的粪便一定要进行深埋或发酵处理

2、注射疫苗：
（1）犬常在两个月左右开始初次免疫，有些疫苗受母源抗体影响小，可提早免疫
（2）初次免疫后隔3周（15-20天）左右进行第二次加强免疫；
（3）再过3周左右进行第三次加强免疫；
（4）此后每半年（国产）或一年（进口）加强免疫一次。
（5）狂犬疫单苗每年免疫一次。

 &nbsp; 注射疫苗的注意事项：
（1）犬必须定期注射疫苗，提高免疫力，降低感染风险
（2）刚买的犬不应立即注射疫苗，待适应环境后进行免疫。
（3）不健康的犬也应暂缓免疫
（4）怀孕早期和后期不应免疫，否则可能引起流产
（5）泌乳期可能引起暂时泌乳量减少
（6）免疫后应在动物医院观察半小时左右，甚至一小时</p>",1028138922,无岁,1503631359432,0,0
2,1003726036,1013708538,,,"<p>1、驱虫：幼犬20日龄首次驱虫，每月一次直至半岁，半岁开始每季度一次，成年后每半年一次。
驱虫的注意事项：
（1）驱虫应在适宜的时间进行，具体时间应根据各寄生虫的生活史来确定
（2）注射疫苗期间不能吃驱虫药，驱虫药可以在注射疫苗一周前或者一周后进行驱虫
（3）驱虫应在隔离的场所进行
（4）犬驱虫后应隔一定时间再驱一次，直至被驱除的虫体排净为止
（5）驱虫后排出的粪便一定要进行深埋或发酵处理

2、注射疫苗：
（1）犬常在两个月左右开始初次免疫，有些疫苗受母源抗体影响小，可提早免疫
（2）初次免疫后隔3周（15-20天）左右进行第二次加强免疫；
（3）再过3周左右进行第三次加强免疫；
（4）此后每半年（国产）或一年（进口）加强免疫一次。
（5）狂犬疫单苗每年免疫一次。

 &nbsp; 注射疫苗的注意事项：
（1）犬必须定期注射疫苗，提高免疫力，降低感染风险
（2）刚买的犬不应立即注射疫苗，待适应环境后进行免疫。
（3）不健康的犬也应暂缓免疫
（4）怀孕早期和后期不应免疫，否则可能引起流产
（5）泌乳期可能引起暂时泌乳量减少
（6）免疫后应在动物医院观察半小时左右，甚至一小时</p><p><br ></p>",11374335,用户已飞升,1503629940075,0,0
2,1003726036,1013709376,,,<p>一、驱虫</p><p>1、时间：幼犬20日龄首次驱虫，每月一次至半岁，半岁开始每季度一次，成年后每半年一次。驱虫建议采用犬专用驱虫药品，比较安全</p><p>2、注意事项：驱虫应在适宜的时间进行，具体时间应根据各寄生虫的生活史来确定</p><p>&nbsp; &nbsp; &nbsp; &nbsp; &nbsp; &nbsp; &nbsp; &nbsp; &nbsp; &nbsp; &nbsp; &nbsp; 注射疫苗期间不能吃驱虫药，驱虫药可以在注射疫苗一周前或者一周后进行驱虫</p><p>&nbsp; &nbsp; &nbsp; &nbsp; &nbsp; &nbsp; &nbsp; &nbsp; &nbsp; &nbsp; &nbsp; &nbsp; 驱虫应在隔离的场所进行</p><p>&nbsp; &nbsp; &nbsp; &nbsp; &nbsp; &nbsp; &nbsp; &nbsp; &nbsp; &nbsp; &nbsp; &nbsp; 犬驱虫后应隔离一定时间再驱一次，直至被驱除的虫体排干净为止</p><p>&nbsp; &nbsp; &nbsp; &nbsp; &nbsp; &nbsp; &nbsp; &nbsp; &nbsp; &nbsp; &nbsp; &nbsp; 驱虫后排出的粪便一定要进行深埋或发酵处理</p><p>二、注射疫苗</p><p>1、时间：犬常在两个月左右开始初次免疫，有些疫苗受母源抗体影响小，可提早免疫。初次免疫后隔三周左右进行第二次加强免疫。再过三周左右进行第三次加强免疫。以后每半年（国产）或一年（进口）加强免疫一次。狂犬疫单苗每年免疫一次</p><p>2、注意事项：犬必须定期注射疫苗，提高免疫力，降低感染风险</p><p>&nbsp; &nbsp; &nbsp; &nbsp; &nbsp; &nbsp; &nbsp; &nbsp; &nbsp; &nbsp; &nbsp; &nbsp; 刚买的犬不应立即注射疫苗，待适应环境后进行免疫</p><p>&nbsp; &nbsp; &nbsp; &nbsp; &nbsp; &nbsp; &nbsp; &nbsp; &nbsp; &nbsp; &nbsp; &nbsp; 不健康的犬也应暂缓免疫</p><p>&nbsp; &nbsp; &nbsp; &nbsp; &nbsp; &nbsp; &nbsp; &nbsp; &nbsp; &nbsp; &nbsp; &nbsp; 怀孕早期和后期不应免疫，否则可能引起流产</p><p>&nbsp; &nbsp; &nbsp; &nbsp; &nbsp; &nbsp; &nbsp; &nbsp; &nbsp; &nbsp; &nbsp; &nbsp; 泌乳期可能引起暂时乳量减少</p><p>&nbsp; &nbsp; &nbsp; &nbsp; &nbsp; &nbsp; &nbsp; &nbsp; &nbsp; &nbsp; &nbsp; &nbsp; 免疫后应在动物医院观察半小时左右，甚至一小时</p><p><br ></p>,1024262487,星星星kiko,1503623616146,0,0
2,1003726036,1013705380,,,"<p>1、驱虫：幼犬20日龄首次驱虫，每月一次直至半岁，半岁开始每季度一次，成年后每半年一次。
驱虫的注意事项：
（1）驱虫应在适宜的时间进行，具体时间应根据各寄生虫的生活史来确定
（2）注射疫苗期间不能吃驱虫药，驱虫药可以在注射疫苗一周前或者一周后进行驱虫
（3）驱虫应在隔离的场所进行
（4）犬驱虫后应隔一定时间再驱一次，直至被驱除的虫体排净为止
（5）驱虫后排出的粪便一定要进行深埋或发酵处理

2、注射疫苗：
（1）犬常在两个月左右开始初次免疫，有些疫苗受母源抗体影响小，可提早免疫
（2）初次免疫后隔3周（15-20天）左右进行第二次加强免疫；
（3）再过3周左右进行第三次加强免疫；
（4）此后每半年（国产）或一年（进口）加强免疫一次。
（5）狂犬疫单苗每年免疫一次。

 &nbsp; 注射疫苗的注意事项：
（1）犬必须定期注射疫苗，提高免疫力，降低感染风险
（2）刚买的犬不应立即注射疫苗，待适应环境后进行免疫。
（3）不健康的犬也应暂缓免疫
（4）怀孕早期和后期不应免疫，否则可能引起流产
（5）泌乳期可能引起暂时泌乳量减少
（6）免疫后应在动物医院观察半小时左右，甚至一小时</p>",1023730255,Aileen_L,1503623167530,0,0
2,1003726036,1013708388,,,"1、驱虫：幼犬20日龄首次驱虫，每月一次直至半岁，半岁开始每季度一次，成年后每半年一次。
驱虫的注意事项：
（1）驱虫应在适宜的时间进行，具体时间应根据各寄生虫的生活史来确定
（2）注射疫苗期间不能吃驱虫药，驱虫药可以在注射疫苗一周前或者一周后进行驱虫
（3）驱虫应在隔离的场所进行
（4）犬驱虫后应隔一定时间再驱一次，直至被驱除的虫体排净为止
（5）驱虫后排出的粪便一定要进行深埋或发酵处理

2、注射疫苗：
（1）犬常在两个月左右开始初次免疫，有些疫苗受母源抗体影响小，可提早免疫
（2）初次免疫后隔3周（15-20天）左右进行第二次加强免疫；
（3）再过3周左右进行第三次加强免疫；
（4）此后每半年（国产）或一年（进口）加强免疫一次。
（5）狂犬疫单苗每年免疫一次。

   注射疫苗的注意事项：
（1）犬必须定期注射疫苗，提高免疫力，降低感染风险
（2）刚买的犬不应立即注射疫苗，待适应环境后进行免疫。
（3）不健康的犬也应暂缓免疫
（4）怀孕早期和后期不应免疫，否则可能引起流产
（5）泌乳期可能引起暂时泌乳量减少
（6）免疫后应在动物医院观察半小时左右，甚至一小时",1023127420,夹心软兔语,1503622749263,0,0
2,1003726036,1013705289,,,<p>一、驱虫：</p><p>&nbsp;&nbsp; &nbsp;幼犬20日龄首次驱虫，每月一次直至半岁，半岁开始每季度一次，成年后每半年一次。</p><p>&nbsp; &nbsp; 注意事项：</p><p>&nbsp; &nbsp;（1）驱虫应在适宜的时间进行，具体时间应根据各寄生虫的生活史来确定。<br >&nbsp; &nbsp;（2）注射疫苗期间不能吃驱虫药，驱虫药可以在注射疫苗一周前或者一周后进行驱虫。<br >&nbsp; &nbsp;（3）驱虫应在隔离的场所进行。<br >&nbsp; &nbsp;（4）犬驱虫后应隔一定时间再驱一次，直至被驱除的虫体排净为止。<br >&nbsp; &nbsp;（5）驱虫后排出的粪便一定要进行深埋或发酵处理。</p><p><br ></p><p>二、注射疫苗：</p><p>&nbsp; &nbsp;幼犬正于2月龄左右初次免疫，有些疫苗受母源抗体影响小，可提早免疫；<br >&nbsp; &nbsp;初次免疫后隔3周（15-20天）左右进行第二次加强免疫；<br >&nbsp; &nbsp;再过3周左右进行第三次加强免疫；<br >&nbsp; &nbsp;此后每半年（国产）或一年（进口）加强免疫一次。<br >&nbsp; &nbsp;狂犬疫单苗每年免疫一次。</p><p>&nbsp; &nbsp;注意事项：</p><p>&nbsp; &nbsp;（1）犬必须定期注射疫苗，提高免疫力，降低感染风险。<br >&nbsp; &nbsp;（2）刚买的犬不应立即注射疫苗，待适应环境（约半个月）后进行免疫。<br >&nbsp; &nbsp;（3）不健康的犬也应暂缓免疫。<br >&nbsp; &nbsp;（4）怀孕早期和后期不应免疫，否则可能引起流产。<br >&nbsp; &nbsp;（5）泌乳期可能引起暂时泌乳量减少。<br >&nbsp; &nbsp;（6）免疫后应在动物医院观察半小时左右，甚至一小时。</p><p><br ></p>,7987211,华荣依轩,1503595678812,0,0
2,1003726036,1013706314,,,<p>1、驱虫：幼犬20日龄首次驱虫，每月一次直至半岁，半岁开始每季度一次，成年后每半年一次。<br ></p><p>驱虫的注意事项：</p><p>（1）驱虫应在适宜的时间进行，具体时间应根据各寄生虫的生活史来确定</p><p>（2）注射疫苗期间不能吃驱虫药，驱虫药可以在注射疫苗一周前或者一周后进行驱虫<br >（3）驱虫应在隔离的场所进行<br >（4）犬驱虫后应隔一定时间再驱一次，直至被驱除的虫体排净为止<br >（5）驱虫后排出的粪便一定要进行深埋或发酵处理</p><p><br ></p><p>2、注射疫苗：</p><p>（1）犬常在两个月左右开始初次免疫，有些疫苗受母源抗体影响小，可提早免疫</p><p>（2）初次免疫后隔3周（15-20天）左右进行第二次加强免疫；<br >（3）再过3周左右进行第三次加强免疫；<br >（4）此后每半年（国产）或一年（进口）加强免疫一次。<br >（5）狂犬疫单苗每年免疫一次。</p><p><br ></p><p>&nbsp;&nbsp; 注射疫苗的注意事项：</p><p>（1）犬必须定期注射疫苗，提高免疫力，降低感染风险<br >（2）刚买的犬不应立即注射疫苗，待适应环境后进行免疫。<br >（3）不健康的犬也应暂缓免疫<br >（4）怀孕早期和后期不应免疫，否则可能引起流产<br >（5）泌乳期可能引起暂时泌乳量减少<br >（6）免疫后应在动物医院观察半小时左右，甚至一小时</p><p><br ></p>,5160314,永远的脑残2014070903030,1503590333688,0,0
2,1003726036,1013704235,,,<p><strong>1、驱虫：</strong>幼犬20日龄首次驱虫，每月一次直至半岁，半岁开始每季度一次，成年后每半年一次。<br ></p><p>驱虫的注意事项：</p><p>（1）驱虫应在适宜的时间进行，具体时间应根据各寄生虫的生活史来确定</p><p>（2）注射疫苗期间不能吃驱虫药，驱虫药可以在注射疫苗一周前或者一周后进行驱虫<br >（3）驱虫应在隔离的场所进行<br >（4）犬驱虫后应隔一定时间再驱一次，直至被驱除的虫体排净为止<br >（5）驱虫后排出的粪便一定要进行深埋或发酵处理</p><p><br ></p><p><strong>2、注射疫苗：</strong></p><p>（1）犬常在两个月左右开始初次免疫，有些疫苗受母源抗体影响小，可提早免疫</p><p>（2）初次免疫后隔3周（15-20天）左右进行第二次加强免疫；<br >（3）再过3周左右进行第三次加强免疫；<br >（4）此后每半年（国产）或一年（进口）加强免疫一次。<br >（5）狂犬疫单苗每年免疫一次。</p><p><br ></p><p>&nbsp;&nbsp; <strong>注射疫苗的注意事项：</strong></p><p>（1）犬必须定期注射疫苗，提高免疫力，降低感染风险<br >（2）刚买的犬不应立即注射疫苗，待适应环境后进行免疫。<br >（3）不健康的犬也应暂缓免疫<br >（4）怀孕早期和后期不应免疫，否则可能引起流产<br >（5）泌乳期可能引起暂时泌乳量减少<br >（6）免疫后应在动物医院观察半小时左右，甚至一小时</p><p><br ></p>,1023038467,木卿瑾心,1503587040795,0,0
2,1003726036,1013700264,,,<p>1、驱虫：幼犬20日龄首次驱虫，每月一次直至半岁，半岁开始每季度一次，成年后每半年一次。<br ></p><p>驱虫的注意事项：</p><p>（1）驱虫应在适宜的时间进行，具体时间应根据各寄生虫的生活史来确定</p><p>（2）注射疫苗期间不能吃驱虫药，驱虫药可以在注射疫苗一周前或者一周后进行驱虫<br >（3）驱虫应在隔离的场所进行<br >（4）犬驱虫后应隔一定时间再驱一次，直至被驱除的虫体排净为止<br >（5）驱虫后排出的粪便一定要进行深埋或发酵处理</p><p><br ></p><p>2、注射疫苗：</p><p>（1）犬常在两个月左右开始初次免疫，有些疫苗受母源抗体影响小，可提早免疫</p><p>（2）初次免疫后隔3周（15-20天）左右进行第二次加强免疫；<br >（3）再过3周左右进行第三次加强免疫；<br >（4）此后每半年（国产）或一年（进口）加强免疫一次。<br >（5）狂犬疫单苗每年免疫一次。</p><p><br ></p><p>&nbsp;&nbsp; 注射疫苗的注意事项：</p><p>（1）犬必须定期注射疫苗，提高免疫力，降低感染风险<br >（2）刚买的犬不应立即注射疫苗，待适应环境后进行免疫。<br >（3）不健康的犬也应暂缓免疫<br >（4）怀孕早期和后期不应免疫，否则可能引起流产<br >（5）泌乳期可能引起暂时泌乳量减少<br >（6）免疫后应在动物医院观察半小时左右，甚至一小时</p><p><br ></p>,1027305541,鳄鱼巴洛克,1503571419435,0,0
2,1003726036,1013694291,,,<p>1、驱虫：幼犬20日龄首次驱虫，每月一次直至半岁，半岁开始每季度一次，成年后每半年一次。<br ></p><p>驱虫的注意事项：</p><p>（1）驱虫应在适宜的时间进行，具体时间应根据各寄生虫的生活史来确定</p><p>（2）注射疫苗期间不能吃驱虫药，驱虫药可以在注射疫苗一周前或者一周后进行驱虫<br >（3）驱虫应在隔离的场所进行<br >（4）犬驱虫后应隔一定时间再驱一次，直至被驱除的虫体排净为止<br >（5）驱虫后排出的粪便一定要进行深埋或发酵处理</p><p><br ></p><p>2、注射疫苗：（1）犬常在两个月左右开始初次免疫，有些疫苗受母源抗体影响小，可提早免疫<br >&nbsp; &nbsp; &nbsp; &nbsp; （2）初次免疫后隔3周（15-20天）左右进行第二次加强免疫；<br >&nbsp; &nbsp; &nbsp; &nbsp; （3）再过3周左右进行第三次加强免疫；<br >&nbsp; &nbsp; &nbsp; &nbsp;（4）此后每半年（国产）或一年（进口）加强免疫一次。<br >&nbsp; &nbsp; &nbsp; （5）狂犬疫单苗每年免疫一次。</p><p>&nbsp;&nbsp; 注射疫苗的注意事项：</p><p>（1）犬必须定期注射疫苗，提高免疫力，降低感染风险<br >（2）刚买的犬不应立即注射疫苗，待适应环境后进行免疫。<br >（3）不健康的犬也应暂缓免疫<br >（4）怀孕早期和后期不应免疫，否则可能引起流产<br >（5）泌乳期可能引起暂时泌乳量减少<br >（6）免疫后应在动物医院观察半小时左右，甚至一小时</p><p><br ></p>,1028612625,liuruiliuruiliurui,1503543797028,0,1
2,1003726036,1013693177,,,<p>驱虫是20日龄首次，疫苗是两月龄<br ></p>,512816,迷茫的小锦鲤,1503537545655,0,0
2,1003726036,1013692190,,,<p>1、驱虫：幼犬20日龄首次驱虫，每月一次直至半岁，半岁开始每季度一次，成年后每半年一次。<br ></p><p>驱虫的注意事项：</p><p>（1）驱虫应在适宜的时间进行，具体时间应根据各寄生虫的生活史来确定</p><p>（2）注射疫苗期间不能吃驱虫药，驱虫药可以在注射疫苗一周前或者一周后进行驱虫<br >（3）驱虫应在隔离的场所进行<br >（4）犬驱虫后应隔一定时间再驱一次，直至被驱除的虫体排净为止<br >（5）驱虫后排出的粪便一定要进行深埋或发酵处理</p><p><br ></p><p>2、注射疫苗：（1）犬常在两个月左右开始初次免疫，有些疫苗受母源抗体影响小，可提早免疫<br >&nbsp; &nbsp; &nbsp; &nbsp; &nbsp; &nbsp; &nbsp; &nbsp; &nbsp; &nbsp; &nbsp; （2）初次免疫后隔3周（15-20天）左右进行第二次加强免疫；<br >&nbsp; &nbsp;&nbsp;&nbsp;&nbsp;&nbsp;&nbsp;&nbsp;&nbsp;&nbsp;&nbsp;&nbsp;&nbsp;&nbsp;&nbsp;&nbsp;&nbsp;&nbsp;&nbsp;&nbsp; （3）再过3周左右进行第三次加强免疫；<br >&nbsp; &nbsp;&nbsp;&nbsp;&nbsp;&nbsp;&nbsp;&nbsp;&nbsp;&nbsp;&nbsp;&nbsp;&nbsp;&nbsp;&nbsp;&nbsp;&nbsp;&nbsp;&nbsp;&nbsp; （4）此后每半年（国产）或一年（进口）加强免疫一次。<br >&nbsp;&nbsp;&nbsp;&nbsp;&nbsp;&nbsp;&nbsp;&nbsp;&nbsp;&nbsp;&nbsp;&nbsp;&nbsp;&nbsp;&nbsp;&nbsp;&nbsp;&nbsp;&nbsp;&nbsp;&nbsp; （5）狂犬疫单苗每年免疫一次。</p><p>&nbsp;&nbsp; 注射疫苗的注意事项：</p><p>（1）犬必须定期注射疫苗，提高免疫力，降低感染风险<br >（2）刚买的犬不应立即注射疫苗，待适应环境后进行免疫。<br >（3）不健康的犬也应暂缓免疫<br >（4）怀孕早期和后期不应免疫，否则可能引起流产<br >（5）泌乳期可能引起暂时泌乳量减少<br >（6）免疫后应在动物医院观察半小时左右，甚至一小时</p><p><br ></p>,1027974178,薰衣草的曈话,1503537438634,0,1
2,1003726036,1013687923,,,<p>一、驱虫</p><p>&nbsp; &nbsp; 幼犬20日龄首次驱虫，每月一次直至半岁，半岁开始每季度一次，成年后每半年一次。<br ></p><p>&nbsp; &nbsp; 注意事项：</p><p>&nbsp; &nbsp;（1）驱虫应在适宜的时间进行，具体时间应根据各寄生虫的生活史来确定。<br >&nbsp; &nbsp;（2）注射疫苗期间不能吃驱虫药，驱虫药可以在注射疫苗一周前或者一周后进行驱虫。<br >&nbsp; &nbsp;（3）驱虫应在隔离的场所进行。<br >&nbsp; &nbsp;（4）犬驱虫后应隔一定时间再驱一次，直至被驱除的虫体排净为止。<br >&nbsp; &nbsp;（5）驱虫后排出的粪便一定要进行深埋或发酵处理。</p><p>二、注射疫苗：</p><p>&nbsp; &nbsp;幼犬正于2月龄左右初次免疫，有些疫苗受母源抗体影响小，可提早免疫；<br >&nbsp; &nbsp;初次免疫后隔3周（15-20天）左右进行第二次加强免疫；<br >&nbsp; &nbsp;再过3周左右进行第三次加强免疫；<br >&nbsp; &nbsp;此后每半年（国产）或一年（进口）加强免疫一次。<br >&nbsp; &nbsp;狂犬疫单苗每年免疫一次。</p><p>&nbsp; &nbsp;注意事项：</p><p>&nbsp; &nbsp;（1）犬必须定期注射疫苗，提高免疫力，降低感染风险。<br >&nbsp; &nbsp;（2）刚买的犬不应立即注射疫苗，待适应环境（约半个月）后进行免疫。<br >&nbsp; &nbsp;（3）不健康的犬也应暂缓免疫。<br >&nbsp; &nbsp;（4）怀孕早期和后期不应免疫，否则可能引起流产。<br >&nbsp; &nbsp;（5）泌乳期可能引起暂时泌乳量减少。<br >&nbsp; &nbsp;（6）免疫后应在动物医院观察半小时左右，甚至一小时。</p><p><br ></p><p>险势</p><p>21:59</p><p>举报</p><p>|</p><p>评论(0)</p><p>|</p><p>0</p><p>一、驱虫</p><p>&nbsp; &nbsp; 幼犬20日龄首次驱虫，每月一次直至半岁，半岁开始每季度一次，成年后每半年一次。<br ></p><p>&nbsp; &nbsp; 注意事项：</p><p>&nbsp; &nbsp;（1）驱虫应在适宜的时间进行，具体时间应根据各寄生虫的生活史来确定。<br >&nbsp; &nbsp;（2）注射疫苗期间不能吃驱虫药，驱虫药可以在注射疫苗一周前或者一周后进行驱虫。<br >&nbsp; &nbsp;（3）驱虫应在隔离的场所进行。<br >&nbsp; &nbsp;（4）犬驱虫后应隔一定时间再驱一次，直至被驱除的虫体排净为止。<br >&nbsp; &nbsp;（5）驱虫后排出的粪便一定要进行深埋或发酵处理。</p><p>二、注射疫苗：</p><p>&nbsp; &nbsp;幼犬正于2月龄左右初次免疫，有些疫苗受母源抗体影响小，可提早免疫；<br >&nbsp; &nbsp;初次免疫后隔3周（15-20天）左右进行第二次加强免疫；<br >&nbsp; &nbsp;再过3周左右进行第三次加强免疫；<br >&nbsp; &nbsp;此后每半年（国产）或一年（进口）加强免疫一次。<br >&nbsp; &nbsp;狂犬疫单苗每年免疫一次。</p><p>&nbsp; &nbsp;注意事项：</p><p>&nbsp; &nbsp;（1）犬必须定期注射疫苗，提高免疫力，降低感染风险。<br >&nbsp; &nbsp;（2）刚买的犬不应立即注射疫苗，待适应环境（约半个月）后进行免疫。<br >&nbsp; &nbsp;（3）不健康的犬也应暂缓免疫。<br >&nbsp; &nbsp;（4）怀孕早期和后期不应免疫，否则可能引起流产。<br >&nbsp; &nbsp;（5）泌乳期可能引起暂时泌乳量减少。<br >&nbsp; &nbsp;（6）免疫后应在动物医院观察半小时左右，甚至一小时。</p><p><br ></p>,7978280,迷之洛迪古斯,1503498073143,0,0
2,1003726036,1013691777,,,<p>一、驱虫</p><p>&nbsp; &nbsp; 幼犬20日龄首次驱虫，每月一次直至半岁，半岁开始每季度一次，成年后每半年一次。<br ></p><p>&nbsp; &nbsp; 注意事项：</p><p>&nbsp; &nbsp;（1）驱虫应在适宜的时间进行，具体时间应根据各寄生虫的生活史来确定。<br >&nbsp; &nbsp;（2）注射疫苗期间不能吃驱虫药，驱虫药可以在注射疫苗一周前或者一周后进行驱虫。<br >&nbsp; &nbsp;（3）驱虫应在隔离的场所进行。<br >&nbsp; &nbsp;（4）犬驱虫后应隔一定时间再驱一次，直至被驱除的虫体排净为止。<br >&nbsp; &nbsp;（5）驱虫后排出的粪便一定要进行深埋或发酵处理。</p><p>二、注射疫苗：</p><p>&nbsp; &nbsp;幼犬正于2月龄左右初次免疫，有些疫苗受母源抗体影响小，可提早免疫；<br >&nbsp; &nbsp;初次免疫后隔3周（15-20天）左右进行第二次加强免疫；<br >&nbsp; &nbsp;再过3周左右进行第三次加强免疫；<br >&nbsp; &nbsp;此后每半年（国产）或一年（进口）加强免疫一次。<br >&nbsp; &nbsp;狂犬疫单苗每年免疫一次。</p><p>&nbsp; &nbsp;注意事项：</p><p>&nbsp; &nbsp;（1）犬必须定期注射疫苗，提高免疫力，降低感染风险。<br >&nbsp; &nbsp;（2）刚买的犬不应立即注射疫苗，待适应环境（约半个月）后进行免疫。<br >&nbsp; &nbsp;（3）不健康的犬也应暂缓免疫。<br >&nbsp; &nbsp;（4）怀孕早期和后期不应免疫，否则可能引起流产。<br >&nbsp; &nbsp;（5）泌乳期可能引起暂时泌乳量减少。<br >&nbsp; &nbsp;（6）免疫后应在动物医院观察半小时左右，甚至一小时。</p><p><br ></p>,1016686226,险势,1503496743189,0,0
2,1003726036,1013690790,,,<p>一、驱虫</p><p>&nbsp; &nbsp; 幼犬20日龄首次驱虫，每月一次直至半岁，半岁开始每季度一次，成年后每半年一次。<br ></p><p>&nbsp; &nbsp; 注意事项：</p><p>&nbsp; &nbsp;（1）驱虫应在适宜的时间进行，具体时间应根据各寄生虫的生活史来确定。<br >&nbsp; &nbsp;（2）注射疫苗期间不能吃驱虫药，驱虫药可以在注射疫苗一周前或者一周后进行驱虫。<br >&nbsp; &nbsp;（3）驱虫应在隔离的场所进行。<br >&nbsp; &nbsp;（4）犬驱虫后应隔一定时间再驱一次，直至被驱除的虫体排净为止。<br >&nbsp; &nbsp;（5）驱虫后排出的粪便一定要进行深埋或发酵处理。</p><p>二、注射疫苗：</p><p>&nbsp; &nbsp;幼犬正于2月龄左右初次免疫，有些疫苗受母源抗体影响小，可提早免疫；<br >&nbsp; &nbsp;初次免疫后隔3周（15-20天）左右进行第二次加强免疫；<br >&nbsp; &nbsp;再过3周左右进行第三次加强免疫；<br >&nbsp; &nbsp;此后每半年（国产）或一年（进口）加强免疫一次。<br >&nbsp; &nbsp;狂犬疫单苗每年免疫一次。</p><p>&nbsp; &nbsp;注意事项：</p><p>&nbsp; &nbsp;（1）犬必须定期注射疫苗，提高免疫力，降低感染风险。<br >&nbsp; &nbsp;（2）刚买的犬不应立即注射疫苗，待适应环境（约半个月）后进行免疫。<br >&nbsp; &nbsp;（3）不健康的犬也应暂缓免疫。<br >&nbsp; &nbsp;（4）怀孕早期和后期不应免疫，否则可能引起流产。<br >&nbsp; &nbsp;（5）泌乳期可能引起暂时泌乳量减少。<br >&nbsp; &nbsp;（6）免疫后应在动物医院观察半小时左右，甚至一小时。</p><p><br ></p>,1016595105,岚小娇,1503495696901,0,0
2,1003726036,1013688843,,,<p>幼犬20日龄首次驱虫，每月一次直至半岁，半岁开始每季度一次，成年后每半年一次；</p><p>·驱虫建议采用犬专用驱虫药品，比较安全。</p><p>驱虫注意事项：</p><p>·驱虫应在适宜的时间进行，具体时间应根据各寄生虫的生活史来确定；</p><p>·注射疫苗期间不能吃驱虫药，驱虫药可以在注射疫苗一周前或者一周后进行；</p><p>·驱虫应在隔离的场所进行；</p><p>·犬驱虫后应隔一定时间再驱一次，直至被驱除的虫体排净为止；</p><p>·驱虫后排出的粪便一定要进行深埋或发酵处理。</p><p><br ></p><p>免疫程序：按疫苗生产厂家建议的免疫程序，无特殊说明时按下程序：</p><p>·犬常在两个月左右开始初次免疫，有些疫苗受母源抗体影响小，可提早免疫；</p><p>·初次免疫后隔3周左右进行第二次加强免疫；</p><p>·再过3周左右进行第三次加强免疫</p><p>·以后每半年（国产）或一年（进口）加强免疫一次。</p><p>免疫注意事项：</p><p>·犬必须定期注射疫苗，提高免疫力，降低感染风险；</p><p>·刚买的犬不应立即注射疫苗，待适应环境后进行免疫；</p><p>·不健康的犬也应暂缓免疫；</p><p>·怀孕早期和后期不应免疫，否则可能引起流产。泌乳期可能引起暂时泌乳量减少；</p><p>·免疫后应在动物医院观察半小时左右，甚至一小时。</p><p><br ></p>,1016797550,流水飘鸿,1503493358387,0,0
2,1003726036,1013690465,,,<p>幼犬20日龄首次驱虫，每月一次直至半岁，半岁开始每季度一次，成年后每半年一次。</p><p>驱虫注意事项：驱虫应根据寄生虫生活史来确定时间；注射疫苗期间不能驱虫，前后间隔一周；驱虫应在隔离场所进行；犬驱虫后应隔一定时间再驱，直至虫体排净为止；驱虫后排出的粪便要进行生埋或发酵处理。</p><p>幼犬两个月左右开始初次免疫，后隔3周左右进行第二次加强免疫，在过3周左右第三次加强免疫。狂犬单苗断奶后，间隔第三次免疫一周后进行。</p><p>免疫注意事项：定期注射疫苗；刚买幼犬应适应环境后再免疫；不健康犬暂缓免疫；怀孕早期和后期不应免疫；泌乳期不应免疫；免疫后应在动物医院观察半小时至一小时。</p><p><br ></p>,1015198629,mooc-w小七,1503479640742,0,0
2,1003726036,1013689063,,,<p>一、驱虫</p><p>&nbsp; &nbsp; 幼犬20日龄首次驱虫，每月一次直至半岁，半岁开始每季度一次，成年后每半年一次。<br ></p><p>&nbsp; &nbsp; 注意事项：</p><p>&nbsp; &nbsp;（1）驱虫应在适宜的时间进行，具体时间应根据各寄生虫的生活史来确定。<br >&nbsp; &nbsp;（2）注射疫苗期间不能吃驱虫药，驱虫药可以在注射疫苗一周前或者一周后进行驱虫。<br >&nbsp; &nbsp;（3）驱虫应在隔离的场所进行。<br >&nbsp; &nbsp;（4）犬驱虫后应隔一定时间再驱一次，直至被驱除的虫体排净为止。<br >&nbsp; &nbsp;（5）驱虫后排出的粪便一定要进行深埋或发酵处理。</p><p>二、注射疫苗：</p><p>&nbsp; &nbsp;幼犬正于2月龄左右初次免疫，有些疫苗受母源抗体影响小，可提早免疫；<br >&nbsp; &nbsp;初次免疫后隔3周（15-20天）左右进行第二次加强免疫；<br >&nbsp; &nbsp;再过3周左右进行第三次加强免疫；<br >&nbsp; &nbsp;此后每半年（国产）或一年（进口）加强免疫一次。<br >&nbsp; &nbsp;狂犬疫单苗每年免疫一次。</p><p>&nbsp; &nbsp;注意事项：</p><p>&nbsp; &nbsp;（1）犬必须定期注射疫苗，提高免疫力，降低感染风险。<br >&nbsp; &nbsp;（2）刚买的犬不应立即注射疫苗，待适应环境（约半个月）后进行免疫。<br >&nbsp; &nbsp;（3）不健康的犬也应暂缓免疫。<br >&nbsp; &nbsp;（4）怀孕早期和后期不应免疫，否则可能引起流产。<br >&nbsp; &nbsp;（5）泌乳期可能引起暂时泌乳量减少。<br >&nbsp; &nbsp;（6）免疫后应在动物医院观察半小时左右，甚至一小时。</p><p><br ></p>,1027346496,陈雅萍cyp,1503456653613,0,0
2,1003726036,1013685952,,,<p>驱虫和疫苗都不能忽视~</p>,4594089,tapeti,1503456600587,0,0
2,1003726036,1013681921,,,<p>一、驱虫</p><p>&nbsp; &nbsp; 幼犬20日龄首次驱虫，每月一次直至半岁，半岁开始每季度一次，成年后每半年一次。<br ></p><p>&nbsp; &nbsp; 注意事项：</p><p>&nbsp; &nbsp;（1）驱虫应在适宜的时间进行，具体时间应根据各寄生虫的生活史来确定。<br >&nbsp; &nbsp;（2）注射疫苗期间不能吃驱虫药，驱虫药可以在注射疫苗一周前或者一周后进行驱虫。<br >&nbsp; &nbsp;（3）驱虫应在隔离的场所进行。<br >&nbsp; &nbsp;（4）犬驱虫后应隔一定时间再驱一次，直至被驱除的虫体排净为止。<br >&nbsp; &nbsp;（5）驱虫后排出的粪便一定要进行深埋或发酵处理。</p><p>二、注射疫苗：</p><p>&nbsp; &nbsp;幼犬正于2月龄左右初次免疫，有些疫苗受母源抗体影响小，可提早免疫；<br >&nbsp; &nbsp;初次免疫后隔3周（15-20天）左右进行第二次加强免疫；<br >&nbsp; &nbsp;再过3周左右进行第三次加强免疫；<br >&nbsp; &nbsp;此后每半年（国产）或一年（进口）加强免疫一次。<br >&nbsp; &nbsp;狂犬疫单苗每年免疫一次。</p><p>&nbsp; &nbsp;注意事项：</p><p>&nbsp; &nbsp;（1）犬必须定期注射疫苗，提高免疫力，降低感染风险。<br >&nbsp; &nbsp;（2）刚买的犬不应立即注射疫苗，待适应环境（约半个月）后进行免疫。<br >&nbsp; &nbsp;（3）不健康的犬也应暂缓免疫。<br >&nbsp; &nbsp;（4）怀孕早期和后期不应免疫，否则可能引起流产。<br >&nbsp; &nbsp;（5）泌乳期可能引起暂时泌乳量减少。<br >&nbsp; &nbsp;（6）免疫后应在动物医院观察半小时左右，甚至一小时。</p><p><br ></p>,1028548439,吉祥楠,1503452100089,0,0
2,1003726036,1013685715,,,"<ol class="" list-paddingleft-2""  >
    <li style=""list-style: decimal inside;""  >
        <p style=""margin: 0px; padding: 0px; line-height: normal;""  ><span style=""-webkit-text-size-adjust: auto; background-color: rgba(255, 255, 255, 0);""  >最适宜驱虫：幼犬20日龄首次驱虫，每月一次直至半岁，半岁开始每季度一次，成年后每半年一次</span>
        </p>
        <p style=""margin: 0px; padding: 0px; line-height: normal;""  ><span style=""-webkit-text-size-adjust: auto; background-color: rgba(255, 255, 255, 0);""  >注意事项:（1）驱虫应该在适宜的时间进行，具体时间应根据寄生虫的生活史来定</span>
        </p>
        <p style=""margin: 0px; padding: 0px; line-height: normal;""  ><span style=""-webkit-text-size-adjust: auto; background-color: rgba(255, 255, 255, 0);""  >（2）注射疫苗期间不能吃驱虫药，驱虫药可以在注射疫苗 一周前或者一周后进行驱虫</span>
        </p>
        <p style=""margin: 0px; padding: 0px; line-height: normal;""  ><span style=""-webkit-text-size-adjust: auto; background-color: rgba(255, 255, 255, 0);""  >（3）驱虫应在隔离的场所进行</span>
        </p>
        <p style=""margin: 0px; padding: 0px; line-height: normal;""  ><span style=""-webkit-text-size-adjust: auto; background-color: rgba(255, 255, 255, 0);""  >（4）犬驱虫后应隔离一段时间再驱一次，直至被驱除的虫体排净为止</span>
        </p>
        <p style=""margin: 0px; padding: 0px; line-height: normal;""  ><span style=""-webkit-text-size-adjust: auto; background-color: rgba(255, 255, 255, 0);""  >（5）驱虫后排出的粪便一定要进行深埋或发酵处理</span>
        </p>
    </li>
    <li style=""list-style: decimal inside;""  >
        <p style=""margin: 0px; padding: 0px; line-height: normal;""  ><span style=""-webkit-text-size-adjust: auto; background-color: rgba(255, 255, 255, 0);""  >注射疫苗：犬应在两个月左右开始初次免疫，有些疫苗受母源抗体影响较小，可提早免疫；初次免疫后隔3周左右进行第二次加强免疫；再过三周左右进行第二三次加强免疫；以后每过半年（国产）或一年（进口）加强免疫一次；狂犬疫单苗每年免疫一次</span>
        </p>
    </li>
    <li style=""list-style: decimal inside;""  >
        <p style=""margin: 0px; padding: 0px; line-height: normal;""  ><span style=""-webkit-text-size-adjust: auto; background-color: rgba(255, 255, 255, 0);""  >注意事项：（1）犬必须定期注射疫苗，提高免疫力，降低感染风险（2）刚买的犬不应立即注射疫苗，待适应环境后进行免疫（3）不健康的犬也应暂缓免疫（4）怀孕早期和后期不应免疫，否则可能会引起流产（5）泌乳期可能引起泌乳量减少（6）免疫反应后应在动物医院观察 半小时左右，甚至一小时<br /></span>
        </p>
        <div>
            <br />
        </div>
    </li>
</ol>",1021747545,解静_xiejing,1503444446070,0,0
2,1003726036,1013683770,,,幼犬20日龄首次驱虫，每月一次直至半岁，半岁开始每季度一次，成年后每半年一次。驱虫注意事项：驱虫应根据寄生虫生活史来确定时间；注射疫苗期间不能驱虫，前后间隔一周；驱虫应在隔离场所进行；犬驱虫后应隔一定时间再驱，直至虫体排净为止；驱虫后排出的粪便要进行生埋或发酵处理。幼犬两个月左右开始初次免疫，后隔3周左右进行第二次加强免疫，在过3周左右第三次加强免疫。狂犬单苗断奶后，间隔第三次免疫一周后进行。免疫注意事项：定期注射疫苗；刚买幼犬应适应环境后再免疫；不健康犬暂缓免疫；怀孕早期和后期不应免疫；泌乳期不应免疫；免疫后应在动物医院观察半小时至一小时。,1020674856,白衣侦探社,1503416237287,0,0
2,1003726036,1013685628,,,"<ol class="" list-paddingleft-2""  style=""list-style-type: decimal;""  ><li><p>最适宜驱虫：幼犬20日龄首次驱虫，每月一次直至半岁，半岁开始每季度一次，成年后每半年一次</p><p>注意事项:（1）驱虫应该在适宜的时间进行，具体时间应根据寄生虫的生活史来定</p><p>（2）注射疫苗期间不能吃驱虫药，驱虫药可以在注射疫苗 一周前或者一周后进行驱虫</p><p>（3）驱虫应在隔离的场所进行</p><p>（4）犬驱虫后应隔离一段时间再驱一次，直至被驱除的虫体排净为止</p><p>（5）驱虫后排出的粪便一定要进行深埋或发酵处理</p></li><li><p>注射疫苗：犬应在两个月左右开始初次免疫，有些疫苗受母源抗体影响较小，可提早免疫；初次免疫后隔3周左右进行第二次加强免疫；再过三周左右进行第二三次加强免疫；以后每过半年（国产）或一年（进口）加强免疫一次；狂犬疫单苗每年免疫一次</p></li><li><p>注意事项：（1）犬必须定期注射疫苗，提高免疫力，降低感染风险（2）刚买的犬不应立即注射疫苗，待适应环境后进行免疫（3）不健康的犬也应暂缓免疫（4）怀孕早期和后期不应免疫，否则可能会引起流产（5）泌乳期可能引起泌乳量减少（6）免疫反应后应在动物医院观察 半小时左右，甚至一小时<br ></p></li></ol><p><br ></p>",1016992810,七七ykt1462714477103,1503413009453,0,0
2,1003726036,1013683650,,,<p>一、驱虫</p><p>&nbsp; &nbsp; 幼犬20日龄首次驱虫，每月一次直至半岁，半岁开始每季度一次，成年后每半年一次。<br ></p><p>&nbsp; &nbsp; 注意事项：</p><p>&nbsp; &nbsp;（1）驱虫应在适宜的时间进行，具体时间应根据各寄生虫的生活史来确定。<br >&nbsp; &nbsp;（2）注射疫苗期间不能吃驱虫药，驱虫药可以在注射疫苗一周前或者一周后进行驱虫。<br >&nbsp; &nbsp;（3）驱虫应在隔离的场所进行。<br >&nbsp; &nbsp;（4）犬驱虫后应隔一定时间再驱一次，直至被驱除的虫体排净为止。<br >&nbsp; &nbsp;（5）驱虫后排出的粪便一定要进行深埋或发酵处理。</p><p>二、注射疫苗：</p><p>&nbsp; &nbsp;幼犬正于2月龄左右初次免疫，有些疫苗受母源抗体影响小，可提早免疫；<br >&nbsp; &nbsp;初次免疫后隔3周（15-20天）左右进行第二次加强免疫；<br >&nbsp; &nbsp;再过3周左右进行第三次加强免疫；<br >&nbsp; &nbsp;此后每半年（国产）或一年（进口）加强免疫一次。<br >&nbsp; &nbsp;狂犬疫单苗每年免疫一次。</p><p>&nbsp; &nbsp;注意事项：</p><p>&nbsp; &nbsp;（1）犬必须定期注射疫苗，提高免疫力，降低感染风险。<br >&nbsp; &nbsp;（2）刚买的犬不应立即注射疫苗，待适应环境（约半个月）后进行免疫。<br >&nbsp; &nbsp;（3）不健康的犬也应暂缓免疫。<br >&nbsp; &nbsp;（4）怀孕早期和后期不应免疫，否则可能引起流产。<br >&nbsp; &nbsp;（5）泌乳期可能引起暂时泌乳量减少。<br >&nbsp; &nbsp;（6）免疫后应在动物医院观察半小时左右，甚至一小时。</p><p><br ></p>,1024292362,HZAU2016317200523,1503409401134,0,1
2,1003726036,1013683399,,,<p>一、驱虫</p><p>&nbsp; &nbsp; 幼犬20日龄首次驱虫，每月一次直至半岁，半岁开始每季度一次，成年后每半年一次。<br ></p><p>&nbsp; &nbsp; 注意事项：</p><p>&nbsp; &nbsp;（1）驱虫应在适宜的时间进行，具体时间应根据各寄生虫的生活史来确定。<br >&nbsp; &nbsp;（2）注射疫苗期间不能吃驱虫药，驱虫药可以在注射疫苗一周前或者一周后进行驱虫。<br >&nbsp; &nbsp;（3）驱虫应在隔离的场所进行。<br >&nbsp; &nbsp;（4）犬驱虫后应隔一定时间再驱一次，直至被驱除的虫体排净为止。<br >&nbsp; &nbsp;（5）驱虫后排出的粪便一定要进行深埋或发酵处理。</p><p>二、注射疫苗：</p><p>&nbsp; &nbsp;幼犬正于2月龄左右初次免疫，有些疫苗受母源抗体影响小，可提早免疫；<br >&nbsp; &nbsp;初次免疫后隔3周（15-20天）左右进行第二次加强免疫；<br >&nbsp; &nbsp;再过3周左右进行第三次加强免疫；<br >&nbsp; &nbsp;此后每半年（国产）或一年（进口）加强免疫一次。<br >&nbsp; &nbsp;狂犬疫单苗每年免疫一次。</p><p>&nbsp; &nbsp;注意事项：</p><p>&nbsp; &nbsp;（1）犬必须定期注射疫苗，提高免疫力，降低感染风险。<br >&nbsp; &nbsp;（2）刚买的犬不应立即注射疫苗，待适应环境（约半个月）后进行免疫。<br >&nbsp; &nbsp;（3）不健康的犬也应暂缓免疫。<br >&nbsp; &nbsp;（4）怀孕早期和后期不应免疫，否则可能引起流产。<br >&nbsp; &nbsp;（5）泌乳期可能引起暂时泌乳量减少。<br >&nbsp; &nbsp;（6）免疫后应在动物医院观察半小时左右，甚至一小时。</p><p><br ></p>,1026509026,锋之子8813,1503395899677,0,0
2,1003726036,1013680360,,,"<p style=""margin: 0px; padding: 0px; line-height: normal;""  ><span style=""-webkit-text-size-adjust: auto; background-color: rgba(255, 255, 255, 0);""  >幼犬20日龄首次驱虫，每月一次直至半岁，半岁开始每季度一次，成年后每半年一次。<br /></span>
</p>
<p style=""margin: 0px; padding: 0px; line-height: normal;""  ><span style=""-webkit-text-size-adjust: auto; background-color: rgba(255, 255, 255, 0);""  >&nbsp; &nbsp; 注意事项：</span>
</p>
<p style=""margin: 0px; padding: 0px; line-height: normal;""  ><span style=""-webkit-text-size-adjust: auto; background-color: rgba(255, 255, 255, 0);""  >&nbsp; &nbsp;（1）驱虫应在适宜的时间进行，具体时间应根据各寄生虫的生活史来确定。<br />&nbsp; &nbsp;（2）注射疫苗期间不能吃驱虫药，驱虫药可以在注射疫苗一周前或者一周后进行驱虫。<br />&nbsp; &nbsp;（3）驱虫应在隔离的场所进行。<br />&nbsp; &nbsp;（4）犬驱虫后应隔一定时间再驱一次，直至被驱除的虫体排净为止。<br />&nbsp; &nbsp;（5）驱虫后排出的粪便一定要进行深埋或发酵处理。</span>
</p>",1027945546,铜仁学院13张楷,1503390846627,0,0
2,1003726036,1013683077,,,<p>一、驱虫</p><p>&nbsp; &nbsp; 幼犬20日龄首次驱虫，每月一次直至半岁，半岁开始每季度一次，成年后每半年一次。<br ></p><p>&nbsp; &nbsp; 注意事项：</p><p>&nbsp; &nbsp;（1）驱虫应在适宜的时间进行，具体时间应根据各寄生虫的生活史来确定。<br >&nbsp; &nbsp;（2）注射疫苗期间不能吃驱虫药，驱虫药可以在注射疫苗一周前或者一周后进行驱虫。<br >&nbsp; &nbsp;（3）驱虫应在隔离的场所进行。<br >&nbsp; &nbsp;（4）犬驱虫后应隔一定时间再驱一次，直至被驱除的虫体排净为止。<br >&nbsp; &nbsp;（5）驱虫后排出的粪便一定要进行深埋或发酵处理。</p><p>二、注射疫苗：</p><p>&nbsp; &nbsp;幼犬正于2月龄左右初次免疫，有些疫苗受母源抗体影响小，可提早免疫；<br >&nbsp; &nbsp;初次免疫后隔3周（15-20天）左右进行第二次加强免疫；<br >&nbsp; &nbsp;再过3周左右进行第三次加强免疫；<br >&nbsp; &nbsp;此后每半年（国产）或一年（进口）加强免疫一次。<br >&nbsp; &nbsp;狂犬疫单苗每年免疫一次。</p><p>&nbsp; &nbsp;注意事项：</p><p>&nbsp; &nbsp;（1）犬必须定期注射疫苗，提高免疫力，降低感染风险。<br >&nbsp; &nbsp;（2）刚买的犬不应立即注射疫苗，待适应环境（约半个月）后进行免疫。<br >&nbsp; &nbsp;（3）不健康的犬也应暂缓免疫。<br >&nbsp; &nbsp;（4）怀孕早期和后期不应免疫，否则可能引起流产。<br >&nbsp; &nbsp;（5）泌乳期可能引起暂时泌乳量减少。<br >&nbsp; &nbsp;（6）免疫后应在动物医院观察半小时左右，甚至一小时。</p><p><br ></p>,5064893,黛叶草,1503383984819,0,0
2,1003726036,1013676894,,,<p>犬驱虫时间：</p><p>幼犬20日龄首次驱虫，每月一次直至半岁，半岁开始每季度一次，成年后每半年一次。</p><p>&nbsp;&nbsp;&nbsp; 犬驱虫注意事项：</p><p>（1）驱虫应在适宜的时间进行，具体时间应根据各寄生虫的生活史来确定。<br >（2）注射疫苗期间不能吃驱虫药，驱虫药可以在注射疫苗一周前或者一周后进行驱虫。<br >（3）驱虫应在隔离的场所进行。<br >（4）犬驱虫后应隔一定时间再驱一次，直至被驱除的虫体排净为止。<br >（5）驱虫后排出的粪便一定要进行深埋或发酵处理。</p><p>&nbsp;&nbsp; 犬注射疫苗时间：</p><p>犬常在两个月左右开始初次免疫，有些疫苗受母源抗体影响小，可提早免疫。<br >初次免疫后隔3周左右进行第二次加强免疫。<br >再过3周左右进行第三次加强免疫。<br >以后每半年（国产）或一年（进口）加强免疫一次。<br >狂犬疫单苗每年免疫一次。</p><p>&nbsp;&nbsp; 犬注射疫苗注意事项：</p><p>犬必须定期注射疫苗，提高免疫力，降低感染风险。<br >刚买的犬不应立即注射疫苗，待适应环境后进行免疫。<br >不健康的犬也应暂缓免疫。<br >怀孕早期和后期不应免疫，否则可能引起流产。<br >泌乳期可能引起暂时泌乳量减少。<br >免疫后应在动物医院观察半小时左右，甚至一小时。</p><p><br ></p>,1016581331,动医1404赵江华,1503372185015,0,0
2,1003726036,1013677905,,,"<p>注射疫苗的时间：
1)犬常在两个月左右开始初次免疫，有些疫苗受母源抗体影响小，可提早免疫。
2)初次免疫后隔三周左右进行第二次加强免疫。
3)再过三周左右进行第三次加强免疫。
4)以后每半年（国产）或一年（进口）加强免疫一次。
5)狂犬疫单苗每年免疫一次。&nbsp;</p><p>注意事项：
1)犬必须定期注射疫苗，提高免疫力，降低感染风险。
2)刚买的犬不应立即注射疫苗，待适应环境后进行免疫。
3)不健康的犬也应暂缓免疫。
4)怀孕早期和后期不应免疫，否则可能引起流产。
5)泌乳期可能引起暂时乳量减少。
6)免疫后应在动物医院观察半小时左右，甚至一小时。</p>",1014992068,知足常乐者,1503371818487,0,0
2,1003726036,1013674886,,,"<p>注射疫苗的时间：
1)犬常在两个月左右开始初次免疫，有些疫苗受母源抗体影响小，可提早免疫。&nbsp;</p><p>2)初次免疫后隔三周左右进行第二次加强免疫。</p><p>&nbsp;3)再过三周左右进行第三次加强免疫。&nbsp;</p><p>4)以后每半年（国产）或一年（进口）加强免疫一次。</p><p>&nbsp;5)狂犬疫单苗每年免疫一次。&nbsp;</p><p>注意事项：
1)犬必须定期注射疫苗，提高免疫力，降低感染风险。</p><p>&nbsp;2)刚买的犬不应立即注射疫苗，待适应环境后进行免疫。&nbsp;</p><p>3)不健康的犬也应暂缓免疫。&nbsp;</p><p>4)怀孕早期和后期不应免疫，否则可能引起流产。&nbsp;</p><p>5)泌乳期可能引起暂时乳量减少。&nbsp;</p><p>6)免疫后应在动物医院观察半小时左右，甚至一小时。</p><p><br ></p>",1027604774,jack_chen_,1503370999845,0,0
2,1003726036,1013675687,,,<p>答：幼犬20日龄首次驱虫，每月一次直至半岁，半岁开始每季度一次，成年后每半年一次。</p><p>驱虫注意事项：驱虫应根据寄生虫生活史来确定时间；注射疫苗期间不能驱虫，前后间隔一周；驱虫应在隔离场所进行；犬驱虫后应隔一定时间再驱，直至虫体排净为止；驱虫后排出的粪便要进行生埋或发酵处理。</p><p>幼犬两个月左右开始初次免疫，后隔3周左右进行第二次加强免疫，在过3周左右第三次加强免疫。狂犬单苗断奶后，间隔第三次免疫一周后进行。</p><p>免疫注意事项：定期注射疫苗；刚买幼犬应适应环境后再免疫；不健康犬暂缓免疫；怀孕早期和后期不应免疫；泌乳期不应免疫；免疫后应在动物医院观察半小时至一小时。</p><p><br ></p>,1028013891,孟令荣,1503366420065,0,0
2,1003726036,1013678531,,,<p>幼犬20日龄首次驱虫，每月一次直至半岁，半岁开始每季度一次，成年后每半年一次。</p><p>驱虫注意事项：驱虫应根据寄生虫生活史来确定时间；注射疫苗期间不能驱虫，前后间隔一周；驱虫应在隔离场所进行；犬驱虫后应隔一定时间再驱，直至虫体排净为止；驱虫后排出的粪便要进行生埋或发酵处理。</p><p>幼犬两个月左右开始初次免疫，后隔3周左右进行第二次加强免疫，在过3周左右第三次加强免疫。狂犬单苗断奶后，间隔第三次免疫一周后进行。</p><p>免疫注意事项：定期注射疫苗；刚买幼犬应适应环境后再免疫；不健康犬暂缓免疫；怀孕早期和后期不应免疫；泌乳期不应免疫；免疫后应在动物医院观察半小时至一小时。</p>,1027837461,rubysang163com,1503363185511,0,0
2,1003726036,1013674460,,,<p>学习</p>,2882196,舞鞋生尘,1503328077646,0,0
2,1003726036,1013675189,,,"<p>驱虫：幼犬20日龄开始，每月一次直至一岁。成犬每季度一次。驱虫药可以是拜耳或者汽巴。体外驱虫每月一次。</p><p>疫苗：</p><p>幼犬50天后打第一针，以后每隔20天注射一针，共三针；每年注射一针；三个月后注射狂犬疫苗，每年注射一次。</p><p>疫苗的事项:</p><ol class="" list-paddingleft-2""  style=""list-style-type: decimal;""  ><li><p>健康的狗狗才可以打疫苗</p></li><li><p>要有一定的延续性</p></li><li><p>生病了要推迟注射</p></li><li><p>刚出生的狗狗不适合打</p><p><br ></p></li></ol><p><br ></p>",1024179438,阿甘今天也要努力,1503318799399,0,0
2,1003726036,1013678103,,,"<p>注射疫苗的时间：
1)犬常在两个月左右开始初次免疫，有些疫苗受母源抗体影响小，可提早免疫。
2)初次免疫后隔三周左右进行第二次加强免疫。
3)再过三周左右进行第三次加强免疫。
4)以后每半年（国产）或一年（进口）加强免疫一次。
5)狂犬疫单苗每年免疫一次。
注意事项：
1)犬必须定期注射疫苗，提高免疫力，降低感染风险。
2)刚买的犬不应立即注射疫苗，待适应环境后进行免疫。
3)不健康的犬也应暂缓免疫。
4)怀孕早期和后期不应免疫，否则可能引起流产。
5)泌乳期可能引起暂时乳量减少。
6)免疫后应在动物医院观察半小时左右，甚至一小时。</p>",1028074559,天堂迷迭香,1503318161406,0,0
2,1003726036,1013677093,,,"<p>注射疫苗的时间：
1)犬常在两个月左右开始初次免疫，有些疫苗受母源抗体影响小，可提早免疫。&nbsp;</p><p>2)初次免疫后隔三周左右进行第二次加强免疫。</p><p>&nbsp;3)再过三周左右进行第三次加强免疫。&nbsp;</p><p>4)以后每半年（国产）或一年（进口）加强免疫一次。</p><p>&nbsp;5)狂犬疫单苗每年免疫一次。&nbsp;</p><p>注意事项：
1)犬必须定期注射疫苗，提高免疫力，降低感染风险。</p><p>&nbsp;2)刚买的犬不应立即注射疫苗，待适应环境后进行免疫。&nbsp;</p><p>3)不健康的犬也应暂缓免疫。&nbsp;</p><p>4)怀孕早期和后期不应免疫，否则可能引起流产。&nbsp;</p><p>5)泌乳期可能引起暂时乳量减少。&nbsp;</p><p>6)免疫后应在动物医院观察半小时左右，甚至一小时。</p>",1026864060,七月夏,1503314251433,0,0
2,1003726036,1013673092,,,<p>注射疫苗</p><p>1)、犬常在两个月左右开始初次免疫，有些疫苗受母源抗体影响小，可提早免疫。</p><p>2)、初次免疫后隔三周左右进行第二次加强免疫。</p><p>3)、再过三周左右进行第三次加强免疫。</p><p>4)、以后每半年（国产）或一年（进口）加强免疫一次。</p><p>5)、狂犬疫单苗每年免疫一次。</p><p>注意事项：</p><p>1)、犬必须定期注射疫苗，提高免疫力，降低感染风险。</p><p>2)、刚买的犬不应立即注射疫苗，待适应环境后进行免疫。</p><p>3)、不健康的犬也应暂缓免疫。</p><p>4)、怀孕早期和后期不应免疫，否则可能引起流产。</p><p>5)、泌乳期可能引起暂时乳量减少。</p><p>6)、免疫后应在动物医院观察半小时左右，甚至一小时。</p><p><br ></p>,1024633349,mooc1488380751639,1503308745179,0,0
2,1003726036,1013672835,,,<p>注射疫苗的时间：</p><p>1)犬常在两个月左右开始初次免疫，有些疫苗受母源抗体影响小，可提早免疫。</p><p>2)初次免疫后隔三周左右进行第二次加强免疫。</p><p>3)再过三周左右进行第三次加强免疫。</p><p>4)以后每半年（国产）或一年（进口）加强免疫一次。</p><p>5)狂犬疫单苗每年免疫一次。</p><p>注意事项：</p><p>1)犬必须定期注射疫苗，提高免疫力，降低感染风险。</p><p>2)刚买的犬不应立即注射疫苗，待适应环境后进行免疫。</p><p>3)不健康的犬也应暂缓免疫。</p><p>4)怀孕早期和后期不应免疫，否则可能引起流产。</p><p>5)泌乳期可能引起暂时乳量减少。</p><p>6)免疫后应在动物医院观察半小时左右，甚至一小时。</p><p><br ></p>,1028373477,王云琪,1503307408708,0,0
2,1003726036,1013671720,,,<p>&nbsp;&nbsp;&nbsp; 犬驱虫时间：</p><p>幼犬20日龄首次驱虫，每月一次直至半岁，半岁开始每季度一次，成年后每半年一次。</p><p>&nbsp;&nbsp;&nbsp; 犬驱虫注意事项：</p><p>（1）驱虫应在适宜的时间进行，具体时间应根据各寄生虫的生活史来确定。<br >（2）注射疫苗期间不能吃驱虫药，驱虫药可以在注射疫苗一周前或者一周后进行驱虫。<br >（3）驱虫应在隔离的场所进行。<br >（4）犬驱虫后应隔一定时间再驱一次，直至被驱除的虫体排净为止。<br >（5）驱虫后排出的粪便一定要进行深埋或发酵处理。</p><p>&nbsp;&nbsp; 犬注射疫苗时间：</p><p>犬常在两个月左右开始初次免疫，有些疫苗受母源抗体影响小，可提早免疫。<br >初次免疫后隔3周左右进行第二次加强免疫。<br >再过3周左右进行第三次加强免疫。<br >以后每半年（国产）或一年（进口）加强免疫一次。<br >狂犬疫单苗每年免疫一次。</p><p>&nbsp;&nbsp; 犬注射疫苗注意事项：</p><p>犬必须定期注射疫苗，提高免疫力，降低感染风险。<br >刚买的犬不应立即注射疫苗，待适应环境后进行免疫。<br >不健康的犬也应暂缓免疫。<br >怀孕早期和后期不应免疫，否则可能引起流产。<br >泌乳期可能引起暂时泌乳量减少。<br >免疫后应在动物医院观察半小时左右，甚至一小时。</p><p><br ></p>,1023361202,雨燕mooc9,1503301112497,0,0
2,1003726036,1013668724,,,"注射疫苗的时间：
1)犬常在两个月左右开始初次免疫，有些疫苗受母源抗体影响小，可提早免疫。
2)初次免疫后隔三周左右进行第二次加强免疫。
3)再过三周左右进行第三次加强免疫。
4)以后每半年（国产）或一年（进口）加强免疫一次。
5)狂犬疫单苗每年免疫一次。
注意事项：
1)犬必须定期注射疫苗，提高免疫力，降低感染风险。
2)刚买的犬不应立即注射疫苗，待适应环境后进行免疫。
3)不健康的犬也应暂缓免疫。
4)怀孕早期和后期不应免疫，否则可能引起流产。
5)泌乳期可能引起暂时乳量减少。
6)免疫后应在动物医院观察半小时左右，甚至一小时。",1025395393,褔尔魔狮,1503300060327,0,0
2,1003726036,1013670625,,,<p>注射疫苗的时间：</p><p>1)犬常在两个月左右开始初次免疫，有些疫苗受母源抗体影响小，可提早免疫。</p><p>2)初次免疫后隔三周左右进行第二次加强免疫。</p><p>3)再过三周左右进行第三次加强免疫。</p><p>4)以后每半年（国产）或一年（进口）加强免疫一次。</p><p>5)狂犬疫单苗每年免疫一次。</p><p>注意事项：</p><p>1)犬必须定期注射疫苗，提高免疫力，降低感染风险。</p><p>2)刚买的犬不应立即注射疫苗，待适应环境后进行免疫。</p><p>3)不健康的犬也应暂缓免疫。</p><p>4)怀孕早期和后期不应免疫，否则可能引起流产。</p><p>5)泌乳期可能引起暂时乳量减少。</p><p>6)免疫后应在动物医院观察半小时左右，甚至一小时。</p><p><br ></p>,5329913,187017549qqcom,1503298508309,0,0
2,1003726036,1013671297,,,<p>注意卫生和防止感染<br ></p>,1022067847,寒潭鶴影,1503287302603,0,0
2,1003726036,1013669233,,,<p>注射疫苗的时间：<br >1)犬常在两个月左右开始初次免疫，有些疫苗受母源抗体影响小，可提早免疫。<br >2)初次免疫后隔三周左右进行第二次加强免疫。<br >3)再过三周左右进行第三次加强免疫。<br >4)以后每半年（国产）或一年（进口）加强免疫一次。<br >5)狂犬疫单苗每年免疫一次。<br >注意事项：<br >1)犬必须定期注射疫苗，提高免疫力，降低感染风险。<br >2)刚买的犬不应立即注射疫苗，待适应环境后进行免疫。<br >3)不健康的犬也应暂缓免疫。<br >4)怀孕早期和后期不应免疫，否则可能引起流产。<br >5)泌乳期可能引起暂时乳量减少。<br >6)免疫后应在动物医院观察半小时左右，甚至一小时。</p>,1026029817,嘉职院吴海红,1503283094516,0,0
2,1003726036,1013671092,,,<p>幼犬20日龄首次驱虫，每月一次直至半岁，半岁开始每季度一次，成年后每半年一次。狗狗在25--30天就可以做驱虫。在45天就可以给狗狗接种疫苗了。给狗狗喂食要少食多餐。给狗狗接种疫苗最好用进口苗，一共3针，每隔21天一针，第3针可以与狂犬一起接种用拜宠清是20天开始第一次，之后40天一次，60天一次，再后就每半年一次。</p><p><br ></p><p>　　正确来说应该是在幼犬6--8周开始首次免疫，最好是3针是同样的品牌，英特威和梅里亚都是进口的疫苗，2选一就可以的，这样疫苗的效果好哦。建议打英特威效果不错哦。我家的2只都是打的英特威的，每隔15---20天打一针期间看护好狗狗，不要洗澡，以免生病，耽误疫苗注射的时间。3针打完后满4个月在注射一针狂犬疫苗，以后每年各加强一针就好了。注意必须是一个品牌的疫苗，这样效果才好哦。</p><p>　　</p><p>　　定期驱虫应该在幼犬20天左右开始第一次驱虫，以后每月驱虫一次，6个月以上的犬应该每个季度驱虫一次，一般用汽巴小型犬的就可以的，上面有说明书，根据自己狗狗的体重服用。也可根据自己居住环境一般3---6个月在做驱虫，可以杜绝狗狗生病哦。</p><p><br ></p>,4467823,山东聊城常滨,1503280515129,0,0
2,1003726036,1013670084,,,"<p>注射疫苗的时间：
1)犬常在两个月左右开始初次免疫，有些疫苗受母源抗体影响小，可提早免疫。
2)初次免疫后隔三周左右进行第二次加强免疫。
3)再过三周左右进行第三次加强免疫。
4)以后每半年（国产）或一年（进口）加强免疫一次。
5)狂犬疫单苗每年免疫一次。
注意事项：
1)犬必须定期注射疫苗，提高免疫力，降低感染风险。
2)刚买的犬不应立即注射疫苗，待适应环境后进行免疫。
3)不健康的犬也应暂缓免疫。
4)怀孕早期和后期不应免疫，否则可能引起流产。
5)泌乳期可能引起暂时乳量减少。
6)免疫后应在动物医院观察半小时左右，甚至一小时。</p>",1027084894,大兴郑盼,1503277608568,0,0
2,1003726036,1013667141,,,"<p>关于免疫：

&nbsp; &nbsp; &nbsp; &nbsp;犬通常在两个月左右初次免疫。有些疫苗受母源抗体影响小，可提早免疫。

&nbsp; &nbsp; &nbsp; &nbsp;初次免疫后隔三周左右进行第二次加强免疫。

&nbsp; &nbsp; &nbsp; &nbsp;再过三周左右进行第三次加强免疫。

&nbsp; &nbsp; &nbsp; &nbsp;以后每半年（国产）或一年（进口）进行加强免疫。

&nbsp; &nbsp; &nbsp; &nbsp;狂犬疫单苗每年免疫一次。

注意事项：

（1）犬必须定期注射疫苗，提高免疫力。降低感染风险。

（2）刚买的犬不应立即注射疫苗，要等适应环境后在进行免疫。

（3）不健康的犬应该暂缓免疫。

（4）怀孕早期或者晚期不应该免疫，否则可能引起流产。

（5）泌乳期可能引起暂时泌乳量减少。

（6）免疫后应在动物医院观察半小时到一小时后再离开。


驱虫

幼犬20日龄首次驱虫，每月一次直至半岁，半岁开始每季度一次，成年后每半年一次。

驱虫建议采用犬专用驱虫产品，比较安全。

驱虫注意事项：

（1）驱虫应在适宜时间进行，具体时间应根据各类寄生虫的生活史确定

（2）注射疫苗期间不能吃驱虫药，应在注射疫苗一周前或一周后进行驱虫

（3）应在隔离场所进行驱虫

（4）驱虫应在一定时间后再进行一次，直到被驱虫体排净为主

（5）驱虫后排出的粪便一定要深埋或发酵处理。</p>",1027995248,mooc1498709426109,1503276389859,0,0
2,1003726036,1013670060,,,<p>免疫：犬通常在两个月左右初次免疫，有些疫苗受母源抗体影响小，可提早免疫，初次免疫后隔三周左右进行第二次加强免疫，再过三周左右进行第三次加强免疫，以后每半年（国产）或一年（进口）进行加强免疫， 狂犬疫单苗每年免疫一次。&nbsp;</p><p>免疫注意事项：&nbsp;</p><p>&nbsp;（1）犬必须定期注射疫苗，提高免疫力。降低感染风险。</p><p>&nbsp;（2）刚买的犬不应立即注射疫苗，要等适应环境后在进行免疫。&nbsp;</p><p>&nbsp;（3）不健康的犬应该暂缓免疫。</p><p>&nbsp;（4）怀孕早期或者晚期不应该免疫，否则可能引起流产。&nbsp;</p><p>&nbsp;（5）泌乳期可能引起暂时泌乳量减少。</p><p>&nbsp;（6）免疫后应在动物医院观察半小时到一小时后再离开。</p><p>驱虫：幼犬20日龄首次驱虫，每月一次直至半岁，半岁开始每季度一次，成年后每半年一次。</p><p>驱虫注意事项：</p><p>&nbsp;（1）驱虫应在适宜时间进行，具体时间应根据各类寄生虫的生活史确定。</p><p>&nbsp;（2）注射疫苗期间不能吃驱虫药，应在注射疫苗一周前或一周后进行驱虫 。</p><p>（3）应在隔离场所进行驱虫 。</p><p>（4）驱虫应在一定时间后再进行一次，直到被驱虫体排净为主 。</p><p>（5）驱虫后排出的粪便一定要深埋或发酵处理。</p><p><br ></p>,8496806,tianlong4183,1503275874592,0,0
2,1003726036,1013661986,,,<p>按照规定进行</p>,438219,李熊飞,1503241573656,0,0
2,1003726036,1013662757,,,<p>驱虫时间:幼犬20日龄首次驱虫，每月一次至半岁，半岁开始每季度一次，成年后每半年一次。</p><p>注射疫苗时间：</p><p>&nbsp; &nbsp;犬常在两个月左右开始初次免疫，有些疫苗受母源抗体影响小，可提早免疫。</p><p> &nbsp;初次免疫后隔3 3 周左右进行第二次加强免疫。</p><p> &nbsp;再过3 3 周左右进行第三次加强免疫。</p><p> &nbsp;以后每半年（国产）或一年（进口）加强免疫一次。</p><p> &nbsp;狂犬疫单苗每年免疫一次。</p><p>注意事项：</p><p>&nbsp; &nbsp;犬必须定期注射疫苗，提高免疫力，降低感染风险。</p><p> &nbsp;刚买的犬不应立即注射疫苗，待适应环境后进行免疫。</p><p> &nbsp;不健康的犬也应暂缓免疫。</p><p> &nbsp;怀孕早期和后期不应免疫，否则可能引起流产。</p><p> &nbsp;泌乳期可能引起暂时泌乳量减少。</p><p> &nbsp;免疫后应在动物医院观察半小时左右 ，甚至一小时。</p><p><br ></p>,1024896702,陈乃娴,1503233337009,0,0
2,1003726036,1013661741,,,<p><strong>驱虫时间：</strong>幼犬20日龄首次驱虫，以后每月一次直至半岁，半岁开始每季度一次，成年后每半年一次。</p><p><strong>驱虫注意事项：</strong></p><p>（1）驱虫应在适宜的时间进行，具体时间应根据各寄生虫的生活史来确定。</p><p>（2）注射疫苗期间不能吃驱虫药，驱虫药可以在注射疫苗一周前或者一周后进行驱虫。</p><p>（3）驱虫应在隔离的场所进行。</p><p>（4）犬驱虫后应隔一定时间再驱一次，直至被驱除的虫体排净为止。</p><p>（5）驱虫后排出的粪便一定要进行深埋或发酵处理。</p><p>&nbsp;</p><p><strong>注射疫苗时间：</strong></p><p>（1）犬常在两个月左右开始初次免疫，有些疫苗受母源抗体影响小，可提早免疫。</p><p>（2）初次免疫后隔3周左右进行第二次加强免疫，再过3周左右进行第三次加强免疫。</p><p>（3）以后国产疫苗每半年或进口疫苗每一年加强免疫一次。</p><p>（4）狂犬疫单苗每年免疫一次。</p><p><strong>注射疫苗注意事项：</strong></p><p>（1）犬必须定期注射疫苗，提高免疫力，降低感染风险。</p><p>（2）刚买的犬不应立即注射疫苗，待适应环境后进行免疫。</p><p>（3）不健康的犬也应暂缓免疫。</p><p>（4）怀孕早期和后期不应免疫，否则可能引起流产。</p><p>（5）泌乳期可能引起暂时泌乳量减少。</p><p>（6）免疫后应在动物医院观察半小时左右，甚至一小时。</p>,1356802,Tracy小颖---毛琳,1503231709976,0,0
2,1003726036,1013666603,,,<p>驱虫时间:幼犬20日龄首次驱虫，每月一次至半岁，半岁开始每季度一次，成年后每半年一次。</p><p>注射疫苗时间：</p><p>&nbsp; &nbsp; 犬常在两个月左右开始初次免疫，有些疫苗受母源抗体影响小，可提早免疫。</p><p> &nbsp;初次免疫后隔3 3 周左右进行第二次加强免疫。</p><p> &nbsp;再过3 3 周左右进行第三次加强免疫。</p><p> &nbsp;以后每半年（国产）或一年（进口）加强免疫一次。</p><p> &nbsp;狂犬疫单苗每年免疫一次。</p><p>注意事项：</p><p>&nbsp; &nbsp; 犬必须定期注射疫苗，提高免疫力，降低感染风险。</p><p> &nbsp;刚买的犬不应立即注射疫苗，待适应环境后进行免疫。</p><p> &nbsp;不健康的犬也应暂缓免疫。</p><p> &nbsp;怀孕早期和后期不应免疫，否则可能引起流产。</p><p> &nbsp;泌乳期可能引起暂时泌乳量减少。</p><p> &nbsp;免疫后应在动物医院观察半小时左右 ，甚至一小时。</p><p><br ></p>,1024441487,林华杏,1503229196947,0,0
2,1003726036,1013662668,,,<p>驱虫时间:幼犬20日龄首次驱虫，每月一次至半岁，半岁开始每季度一次，成年后每半年一次。</p><p>注射疫苗时间：</p><p>&nbsp; &nbsp; 犬常在两个月左右开始初次免疫，有些疫苗受母源抗体影响小，可提早免疫。</p><p>&nbsp;&nbsp;&nbsp; 初次免疫后隔3 3 周左右进行第二次加强免疫。</p><p>&nbsp;&nbsp;&nbsp; 再过3 3 周左右进行第三次加强免疫。</p><p>&nbsp;&nbsp;&nbsp; 以后每半年（国产）或一年（进口）加强免疫一次。</p><p>&nbsp; &nbsp; 狂犬疫单苗每年免疫一次。</p><p>注意事项：</p><p>&nbsp; &nbsp; 犬必须定期注射疫苗，提高免疫力，降低感染风险。</p><p>&nbsp;&nbsp;&nbsp; 刚买的犬不应立即注射疫苗，待适应环境后进行免疫。</p><p>&nbsp;&nbsp;&nbsp; 不健康的犬也应暂缓免疫。</p><p>&nbsp;&nbsp;&nbsp; 怀孕早期和后期不应免疫，否则可能引起流产。</p><p>&nbsp;&nbsp;&nbsp; 泌乳期可能引起暂时泌乳量减少。</p><p>&nbsp;&nbsp;&nbsp; 免疫后应在动物医院观察半小时左右 ，甚至一小时。</p>,4562813,慈慈,1503229085566,0,0
2,1003726036,1013663622,,,<p>驱虫时间:幼犬20日龄首次驱虫，每月一次至半岁，半岁开始每季度一次，成年后每半年一次。</p><p>注射疫苗时间：</p><p>&nbsp; &nbsp; 犬常在两个月左右开始初次免疫，有些疫苗受母源抗体影响小，可提早免疫。</p><p> &nbsp;初次免疫后隔3 3 周左右进行第二次加强免疫。</p><p> &nbsp;再过3 3 周左右进行第三次加强免疫。</p><p> &nbsp;以后每半年（国产）或一年（进口）加强免疫一次。</p><p> &nbsp;狂犬疫单苗每年免疫一次。</p><p>注意事项：</p><p>&nbsp; &nbsp; 犬必须定期注射疫苗，提高免疫力，降低感染风险。</p><p> &nbsp;刚买的犬不应立即注射疫苗，待适应环境后进行免疫。</p><p> &nbsp;不健康的犬也应暂缓免疫。</p><p> &nbsp;怀孕早期和后期不应免疫，否则可能引起流产。</p><p> &nbsp;泌乳期可能引起暂时泌乳量减少。</p><p> &nbsp;免疫后应在动物医院观察半小时左右 ，甚至一小时。</p><p><br ></p>,1027496033,粗衣布食,1503228581741,0,0
2,1003726036,1013663534,,,<p>驱虫时间:幼犬20日龄首次驱虫，每月一次至半岁，半岁开始每季度一次，成年后每半年一次。</p><p>注射疫苗时间：</p><p>&nbsp; &nbsp; 犬常在两个月左右开始初次免疫，有些疫苗受母源抗体影响小，可提早免疫。</p><p> &nbsp;初次免疫后隔3 3 周左右进行第二次加强免疫。</p><p> &nbsp;再过3 3 周左右进行第三次加强免疫。</p><p> &nbsp;以后每半年（国产）或一年（进口）加强免疫一次。</p><p> &nbsp;狂犬疫单苗每年免疫一次。</p><p>注意事项：</p><p>&nbsp; &nbsp; 犬必须定期注射疫苗，提高免疫力，降低感染风险。</p><p> &nbsp;刚买的犬不应立即注射疫苗，待适应环境后进行免疫。</p><p> &nbsp;不健康的犬也应暂缓免疫。</p><p> &nbsp;怀孕早期和后期不应免疫，否则可能引起流产。</p><p> &nbsp;泌乳期可能引起暂时泌乳量减少。</p><p> &nbsp;免疫后应在动物医院观察半小时左右 ，甚至一小时。</p><p><br ></p>,1027922510,xishqqcao,1503223986529,0,0
2,1003726036,1013661546,,,<p>免疫：犬通常在两个月左右初次免疫，有些疫苗受母源抗体影响小，可提早免疫，初次免疫后隔三周左右进行第二次加强免疫，再过三周左右进行第三次加强免疫，以后每半年（国产）或一年（进口）进行加强免疫， 狂犬疫单苗每年免疫一次。&nbsp;</p><p>免疫注意事项：&nbsp;</p><p>&nbsp;（1）犬必须定期注射疫苗，提高免疫力。降低感染风险。</p><p>&nbsp;（2）刚买的犬不应立即注射疫苗，要等适应环境后在进行免疫。&nbsp;</p><p>&nbsp;（3）不健康的犬应该暂缓免疫。</p><p>&nbsp;（4）怀孕早期或者晚期不应该免疫，否则可能引起流产。&nbsp;</p><p>&nbsp;（5）泌乳期可能引起暂时泌乳量减少。</p><p>&nbsp;（6）免疫后应在动物医院观察半小时到一小时后再离开。</p><p>驱虫：幼犬20日龄首次驱虫，每月一次直至半岁，半岁开始每季度一次，成年后每半年一次。</p><p>驱虫注意事项：</p><p>&nbsp;（1）驱虫应在适宜时间进行，具体时间应根据各类寄生虫的生活史确定。</p><p>&nbsp;（2）注射疫苗期间不能吃驱虫药，应在注射疫苗一周前或一周后进行驱虫 。</p><p>（3）应在隔离场所进行驱虫 。</p><p>（4）驱虫应在一定时间后再进行一次，直到被驱虫体排净为主 。</p><p>（5）驱虫后排出的粪便一定要深埋或发酵处理。</p>,1020005800,mao999,1503222811757,0,0
2,1003726036,1013664416,,,"关于免疫：

       犬通常在两个月左右初次免疫。有些疫苗受母源抗体影响小，可提早免疫。

       初次免疫后隔三周左右进行第二次加强免疫。

       再过三周左右进行第三次加强免疫。

       以后每半年（国产）或一年（进口）进行加强免疫。

       狂犬疫单苗每年免疫一次。

注意事项：

（1）犬必须定期注射疫苗，提高免疫力。降低感染风险。

（2）刚买的犬不应立即注射疫苗，要等适应环境后在进行免疫。

（3）不健康的犬应该暂缓免疫。

（4）怀孕早期或者晚期不应该免疫，否则可能引起流产。

（5）泌乳期可能引起暂时泌乳量减少。

（6）免疫后应在动物医院观察半小时到一小时后再离开。


驱虫

幼犬20日龄首次驱虫，每月一次直至半岁，半岁开始每季度一次，成年后每半年一次。

驱虫建议采用犬专用驱虫产品，比较安全。

驱虫注意事项：

（1）驱虫应在适宜时间进行，具体时间应根据各类寄生虫的生活史确定

（2）注射疫苗期间不能吃驱虫药，应在注射疫苗一周前或一周后进行驱虫

（3）应在隔离场所进行驱虫

（4）驱虫应在一定时间后再进行一次，直到被驱虫体排净为主

（5）驱虫后排出的粪便一定要深埋或发酵处理。",1028420477,小天使瑶瑶哥,1503217321854,0,0
2,1003726036,1013662421,,,<p>驱虫和注射疫苗</p><p>满月以后开始吃食物时候，奶里边母源抗体逐步消退 小狗开始自己产生抗体</p>,753006,潘,1503215622907,0,0
2,1003726036,1013662338,,,<p>（1）42-45天，可以打第一次的疫苗（法国梅里亚5联或英特委的4联）</p><p>注意：</p><p>疫苗和驱虫要间隔7天，不要时间上太接近。所以要提前做好计划。注射疫苗后的7天左右，小犬的免疫力会下降的，所以要多休息，不要更改食物结构。<br >（2）55--60天可以第二次驱虫<br >（3）60--65天，可以注射第二次疫苗<br >（4）55天左右可以适当的换食不用泡的狗粮，前提是一定要慢慢的换（安排换食的时间不要和驱虫，疫苗同一天）并且可以适当的给子犬添加少量的发育宝<br >（5）85天-90天可以做第三次驱虫<br >（6）90天以后可以注射第三次疫苗，这个时候可以注射含有钩端螺旋体的6联苗。</p><p>（7）间隔15天，可以注射单狂犬苗<br >（8）90天以后的喂食可以添加一些美国IN或者是钙镁片，或者钙磷宝，或者美毛粉，不过这个时候如果小狗没有明显的需要，一般是给子犬继续使用发育宝，适当的添加多维B。<br >（9）111天可以做疫苗接种抗体测试，以检查疫苗的注射情况，如果不错，就可以安心饲养，如果接种效果较弱，可以重复注射一次6联苗<br ><br ></p>,9556621,陆炜,1503211804626,0,0
2,1003726036,1013661295,,,"<div>
    <br />
</div>
<div>关于免疫：</div>
<div>&nbsp; &nbsp; &nbsp; &nbsp;犬通常在两个月左右初次免疫。有些疫苗受母源抗体影响小，可提早免疫。</div>
<div>&nbsp; &nbsp; &nbsp; &nbsp;初次免疫后隔三周左右进行第二次加强免疫。</div>
<div>&nbsp; &nbsp; &nbsp; &nbsp;再过三周左右进行第三次加强免疫。</div>
<div>&nbsp; &nbsp; &nbsp; &nbsp;以后每半年（国产）或一年（进口）进行加强免疫。</div>
<div>&nbsp; &nbsp; &nbsp; &nbsp;狂犬疫单苗每年免疫一次。</div>
<div>注意事项：</div>
<div>（1）犬必须定期注射疫苗，提高免疫力。降低感染风险。</div>
<div>（2）刚买的犬不应立即注射疫苗，要等适应环境后在进行免疫。</div>
<div>（3）不健康的犬应该暂缓免疫。</div>
<div>（4）怀孕早期或者晚期不应该免疫，否则可能引起流产。</div>
<div>（5）泌乳期可能引起暂时泌乳量减少。</div>
<div>（6）免疫后应在动物医院观察半小时到一小时后再离开。</div>
<div>
    <br />
</div>
<div>驱虫</div>
<div>幼犬20日龄首次驱虫，每月一次直至半岁，半岁开始每季度一次，成年后每半年一次。</div>
<div>驱虫建议采用犬专用驱虫产品，比较安全。</div>
<div>驱虫注意事项：</div>
<div>（1）驱虫应在适宜时间进行，具体时间应根据各类寄生虫的生活史确定</div>
<div>（2）注射疫苗期间不能吃驱虫药，应在注射疫苗一周前或一周后进行驱虫</div>
<div>（3）应在隔离场所进行驱虫</div>
<div>（4）驱虫应在一定时间后再进行一次，直到被驱虫体排净为主</div>
<div>（5）驱虫后排出的粪便一定要深埋或发酵处理。</div>
<div>
    <br />
</div>
<div>
    <br />
</div>
<div></div>",1028585918,胡蓓蓓,1503209818397,0,0
2,1003726036,1013665118,,,<p>真是很麻烦</p>,9845409,limulin001163com,1503207905516,0,0
2,1003726036,1013664215,,,"幼犬20日龄首次驱虫，每月一次至半岁，半岁开始每季度一次，成年后每半年一次。驱虫建议采用犬专用驱虫药品，比较安全
犬常在两个月左右开始初次免疫，有些疫苗受母源抗体影响小，可提早免疫。初次免疫后隔三周左右进行第二次加强免疫。再过三周左右进行第三次加强免疫。以后每半年（国产）或一年（进口）加强免疫一次。狂犬疫单苗每年免疫一次",1017599940,yifannnnn,1503206599882,0,0
2,1003726036,1013665029,,,"注射疫苗的时间：
1)犬常在两个月左右开始初次免疫，有些疫苗受母源抗体影响小，可提早免疫。
2)初次免疫后隔三周左右进行第二次加强免疫。
3)再过三周左右进行第三次加强免疫。
4)以后每半年（国产）或一年（进口）加强免疫一次。
5)狂犬疫单苗每年免疫一次。
注意事项：
1)犬必须定期注射疫苗，提高免疫力，降低感染风险。
2)刚买的犬不应立即注射疫苗，待适应环境后进行免疫。
3)不健康的犬也应暂缓免疫。
4)怀孕早期和后期不应免疫，否则可能引起流产。
5)泌乳期可能引起暂时乳量减少。
6)免疫后应在动物医院观察半小时左右，甚至一小时。",1893075,遺忘街角,1503201092219,0,0
2,1003726036,1013661172,,,"驱虫时间:幼犬20日龄首次驱虫，每月一次至半岁，半岁开始每季度一次，成年后每半年一次。
驱虫注意事项：
1)驱虫应在适宜的时间进行，具体时间应根据各寄生虫的生活史来确定；
2)注射疫苗期间不能吃驱虫药，驱虫药可以在注射疫苗一周前或者一周后进行驱虫；
3)驱虫应在隔离的场所进行；
4)犬驱虫后应隔离一定时间再驱一次，直至被驱除的虫体排干净为止；
5)驱虫后排出的粪便一定要进行深埋或发酵处理。",1893075,遺忘街角,1503200678053,0,0
2,1003726036,1013661143,,,<p>两个月左右，要保持幼犬的身体时健康的</p>,1020297297,一介半丁,1503199247045,0,0
2,1003726036,1013664030,,,<p>一、驱虫</p><p>1、时间：幼犬20日龄首次驱虫，每月一次至半岁，半岁开始每季度一次，成年后每半年一次。驱虫建议采用犬专用驱虫药品，比较安全</p><p><br ></p><p>2、注意事项：驱虫应在适宜的时间进行，具体时间应根据各寄生虫的生活史来确定</p><p>&nbsp; &nbsp; &nbsp; &nbsp; &nbsp; &nbsp; &nbsp; &nbsp; &nbsp; &nbsp; &nbsp; &nbsp; 注射疫苗期间不能吃驱虫药，驱虫药可以在注射疫苗一周前或者一周后进行驱虫</p><p>&nbsp; &nbsp; &nbsp; &nbsp; &nbsp; &nbsp; &nbsp; &nbsp; &nbsp; &nbsp; &nbsp; &nbsp; 驱虫应在隔离的场所进行</p><p>&nbsp; &nbsp; &nbsp; &nbsp; &nbsp; &nbsp; &nbsp; &nbsp; &nbsp; &nbsp; &nbsp; &nbsp; 犬驱虫后应隔离一定时间再驱一次，直至被驱除的虫体排干净为止</p><p>&nbsp; &nbsp; &nbsp; &nbsp; &nbsp; &nbsp; &nbsp; &nbsp; &nbsp; &nbsp; &nbsp; &nbsp; 驱虫后排出的粪便一定要进行深埋或发酵处理</p><p><br ></p><p>二、注射疫苗</p><p>1、时间：犬常在两个月左右开始初次免疫，有些疫苗受母源抗体影响小，可提早免疫。初次免疫后隔三周左右进行第二次加强免疫。再过三周左右进行第三次加强免疫。以后每半年（国产）或一年（进口）加强免疫一次。狂犬疫单苗每年免疫一次</p><p><br ></p><p>2、注意事项：犬必须定期注射疫苗，提高免疫力，降低感染风险</p><p>&nbsp; &nbsp; &nbsp; &nbsp; &nbsp; &nbsp; &nbsp; &nbsp; &nbsp; &nbsp; &nbsp; &nbsp; 刚买的犬不应立即注射疫苗，待适应环境后进行免疫</p><p>&nbsp; &nbsp; &nbsp; &nbsp; &nbsp; &nbsp; &nbsp; &nbsp; &nbsp; &nbsp; &nbsp; &nbsp; 不健康的犬也应暂缓免疫</p><p>&nbsp; &nbsp; &nbsp; &nbsp; &nbsp; &nbsp; &nbsp; &nbsp; &nbsp; &nbsp; &nbsp; &nbsp; 怀孕早期和后期不应免疫，否则可能引起流产</p><p>&nbsp; &nbsp; &nbsp; &nbsp; &nbsp; &nbsp; &nbsp; &nbsp; &nbsp; &nbsp; &nbsp; &nbsp; 泌乳期可能引起暂时乳量减少</p><p>&nbsp; &nbsp; &nbsp; &nbsp; &nbsp; &nbsp; &nbsp; &nbsp; &nbsp; &nbsp; &nbsp; &nbsp; 免疫后应在动物医院观察半小时左右，甚至一小时</p><p><br ></p><p><br ></p>,1018395310,遇我予我,1503196133403,0,0
1,1003718507,,,狗会不会预知未来？,,1028013891,孟令荣,1502871742758,1,0
2,1003718507,1013686619,,,<p>只是人类牵强附会而已<br ></p>,1015198629,mooc-w小七,1503479861376,0,0
1,1003722543,,,狗能预知吗？,狗能预知一些不好的事吗？,1028013891,孟令荣,1502859440049,2,0
2,1003722543,1013721535,,,我认为有一些还是可以知道的，比如自然灾害,1017705470,飞翔的企鹅mooc6,1503719694292,0,0
2,1003722543,1013718314,,,<p>这个问题很难回答，毕竟目前人和狗的沟通还处于非常浅显的阶段，等以后科学进一步发展了，可能就能知道了</p>,1024387779,熊家军,1503708394542,0,0
1,1003718454,,,狗的生命,狗会不会像人一样知道自己生命的到来？,1024441487,林华杏,1502818233921,3,0
2,1003718454,1013730949,,,<p>应该会的。</p>,1023085200,mooc1482470737764,1503904215108,0,0
2,1003718454,1013688776,,,嗯嗯,1024441487,林华杏,1503489434936,0,0
2,1003718454,1013687580,,,<p>是生命终结的到来吧？<br ></p>,1015198629,mooc-w小七,1503479901773,0,0
1,1003718453,,,小疑问,我家的狗没打过预防针，也没接过疫苗，会不会出现严重的隐患？,1024441487,林华杏,1502815587382,7,0
2,1003718453,1013720549,,,有可能，还是去做全面检查并做好预防,1017705470,飞翔的企鹅mooc6,1503719786849,1,0
3,1003718453,1013720549,1004175339,,嗯嗯，收到,1024441487,林华杏,1503746166548,,0
2,1003718453,1013693354,,,ok,1024441487,林华杏,1503544420465,0,0
2,1003718453,1013695034,,,<p>自己给小狗打疫苗应该可以的，不一定要让宠物店或者兽医来打。个人认为疫苗要买对，而且，给小狗打疫苗时，要确保小狗不要因害怕而闹腾。只是，不知道要买什么样给小狗打，这就得上网百度一下了。</p>,1027553877,rocksv,1503520187271,0,0
2,1003718453,1013686862,,,好，我家附近没什么兽医院，想买药打，可以吗？可以，应该买什么药？,1024441487,林华杏,1503493300159,0,0
2,1003718453,1013689768,,,现在打疫苗也来得及吧。还是打了保险。,1027553877,rocksv,1503490817960,0,0
2,1003718453,1013686791,,,我家的狗是用于看护庭院的，都是锁着的,1024441487,林华杏,1503489485560,0,0
2,1003718453,1013687582,,,<p>在遛狗的时候要注意保护它别被咬伤。。。如果狗狗不出门那就无所谓疫苗了<br ></p>,1015198629,mooc-w小七,1503479942376,0,0
1,1003719251,,,有一点小异议,老师们，先不说军警训练的方式问题，把军警训练的要求放在宠物犬的训练里，不觉得很荒谬么,1019845721,ykt1473523091245,1502686817988,2,0
2,1003719251,1013653085,,,<p>有没有可能这个老师的课程安排其实说的是犬类鉴赏，主要讲述的内容是包含了一些主要的，常见的犬种。。。。因为我看了几节课总感觉很多内容已经不再单单是宠物犬的范畴了</p>,1021940234,老狈回巢,1503046181689,0,0
2,1003719251,1013606487,,,<p>觉得有点荒谬，因为宠物犬并不需要军警犬那样灵敏</p>,1024441487,林华杏,1502781608491,0,0
1,1003718181,,,让狗吠叫出各种声音，是怎样做到的？,,2521680,yannangao,1502604004309,3,0
2,1003718181,1013734079,,,<p>随着犬的心情和环境，犬的吠声都会有所不同</p>,1028373477,王云琪,1503905327341,0,0
2,1003718181,1013731936,,,<p>平常多留心观察狗狗的声音变化。</p>,1023085200,mooc1482470737764,1503904435300,0,0
2,1003718181,1013610325,,,<p>有，你逗乐它和你用鞭子打它两者所产生的声音都不同，当然不提倡打狗</p>,1024441487,林华杏,1502781771276,0,0
1,1003722098,,,宠物SPA,宠物SPA的六大好处　　1.宁神：利用水的浮力与适体温度，使犬体验回归母犬怀抱的感觉，稳定犬的情绪，安抚犬的心灵。　　2.运动：利用气泡按摩作用，达到被动运动及减肥的功效，提升宠物器官功能，促进健康成长。　　3.清洁：通过汽泡的微爆效应，彻底去除皮屑、油脂、死毛，使皮肤光洁，被毛蓬松。　　4.滋养精油、草本、海底泥等物质能深层滋养犬的皮肤及被毛，使受损的被毛恢复弹性及光泽，同时也可以使皮肤柔润。　,1015998058,闵涛涛,1502534677387,0,2
1,1003712804,,,大眼睛双眼皮的狗狗常见的有哪些？,,2521680,yannangao,1502433405790,3,0
2,1003712804,1013688573,,,<p>田园犬还是要有区分的 也不是都双眼皮呢<br ></p>,1015198629,mooc-w小七,1503479966393,0,0
2,1003712804,1013608209,,,<p>中华田园犬也是大眼睛双眼皮</p>,1027219328,恋mooc34,1502774842971,0,0
2,1003712804,1013596253,,,<p>我家养的博美大眼睛双眼皮 水汪汪 但是不好打理~</p><p>见过的萨摩也基本都是双眼皮</p>,1028305315,lllllldontknowww,1502678177580,0,0
1,1003709808,,,狗狗不喜欢吃水果?,小的时候，它还是很喜欢跟着我一块吃橘子苹果雪梨甘蔗。现在呢，一闻那个味道就跑了，怎么哄都不吃。,1028501365,Ziyamooc,1502368771041,4,0
